tile_name,source_tif,source_crs,target_crs,utm_xmin,utm_ymin,utm_xmax,utm_ymax,pixel_size_m,split,instance_count,is_negative
t00_Ordos_S2_MultiBand_2025-0000000000-0000000000_r03584_c08704,E:\260827YOLORUN\GEE_Export_2025\Ordos_S2_MultiBand_2025-0000000000-0000000000.tif,EPSG:4326,EPSG:32648,711586.1845007435,4488104.323503191,717986.1845007435,4494504.323503191,10.0,train,11,0
t00_Ordos_S2_MultiBand_2025-0000000000-0000000000_r07168_c10240,E:\260827YOLORUN\GEE_Export_2025\Ordos_S2_MultiBand_2025-0000000000-0000000000.tif,EPSG:4326,EPSG:32648,726946.1845007435,4452264.323503191,733346.1845007435,4458664.323503191,10.0,train,2,0
t00_Ordos_S2_MultiBand_2025-0000000000-0000000000_r07680_c10240,E:\260827YOLORUN\GEE_Export_2025\Ordos_S2_MultiBand_2025-0000000000-0000000000.tif,EPSG:4326,EPSG:32648,726946.1845007435,4447144.323503191,733346.1845007435,4453544.323503191,10.0,train,2,0
t00_Ordos_S2_MultiBand_2025-0000000000-0000000000_r08192_c10240,E:\260827YOLORUN\GEE_Export_2025\Ordos_S2_MultiBand_2025-0000000000-0000000000.tif,EPSG:4326,EPSG:32648,726946.1845007435,4442024.323503191,733346.1845007435,4448424.323503191,10.0,train,1,0
t00_Ordos_S2_MultiBand_2025-0000000000-0000000000_r08192_c10752,E:\260827YOLORUN\GEE_Export_2025\Ordos_S2_MultiBand_2025-0000000000-0000000000.tif,EPSG:4326,EPSG:32648,732066.1845007435,4442024.323503191,738466.1845007435,4448424.323503191,10.0,train,2,0
t00_Ordos_S2_MultiBand_2025-0000000000-0000000000_r09216_c02560,E:\260827YOLORUN\GEE_Export_2025\Ordos_S2_MultiBand_2025-0000000000-0000000000.tif,EPSG:4326,EPSG:32648,650146.1845007435,4431784.323503191,656546.1845007435,4438184.323503191,10.0,train,1,0
t00_Ordos_S2_MultiBand_2025-0000000000-0000000000_r09216_c11264,E:\260827YOLORUN\GEE_Export_2025\Ordos_S2_MultiBand_2025-0000000000-0000000000.tif,EPSG:4326,EPSG:32648,737186.1845007435,4431784.323503191,743586.1845007435,4438184.323503191,10.0,train,3,0
t00_Ordos_S2_MultiBand_2025-0000000000-0000000000_r09728_c08704,E:\260827YOLORUN\GEE_Export_2025\Ordos_S2_MultiBand_2025-0000000000-0000000000.tif,EPSG:4326,EPSG:32648,711586.1845007435,4426664.323503191,717986.1845007435,4433064.323503191,10.0,train,1,0
t00_Ordos_S2_MultiBand_2025-0000000000-0000000000_r09728_c10240,E:\260827YOLORUN\GEE_Export_2025\Ordos_S2_MultiBand_2025-0000000000-0000000000.tif,EPSG:4326,EPSG:32648,726946.1845007435,4426664.323503191,733346.1845007435,4433064.323503191,10.0,train,1,0
t00_Ordos_S2_MultiBand_2025-0000000000-0000000000_r10240_c09216,E:\260827YOLORUN\GEE_Export_2025\Ordos_S2_MultiBand_2025-0000000000-0000000000.tif,EPSG:4326,EPSG:32648,716706.1845007435,4421544.323503191,723106.1845007435,4427944.323503191,10.0,train,1,0
t00_Ordos_S2_MultiBand_2025-0000000000-0000000000_r10240_c09728,E:\260827YOLORUN\GEE_Export_2025\Ordos_S2_MultiBand_2025-0000000000-0000000000.tif,EPSG:4326,EPSG:32648,721826.1845007435,4421544.323503191,728226.1845007435,4427944.323503191,10.0,train,7,0
t00_Ordos_S2_MultiBand_2025-0000000000-0000000000_r10752_c09728,E:\260827YOLORUN\GEE_Export_2025\Ordos_S2_MultiBand_2025-0000000000-0000000000.tif,EPSG:4326,EPSG:32648,721826.1845007435,4416424.323503191,728226.1845007435,4422824.323503191,10.0,train,2,0
t00_Ordos_S2_MultiBand_2025-0000000000-0000000000_r11264_c08192,E:\260827YOLORUN\GEE_Export_2025\Ordos_S2_MultiBand_2025-0000000000-0000000000.tif,EPSG:4326,EPSG:32648,706466.1845007435,4411304.323503191,712866.1845007435,4417704.323503191,10.0,train,1,0
t00_Ordos_S2_MultiBand_2025-0000000000-0000000000_r11776_c11776,E:\260827YOLORUN\GEE_Export_2025\Ordos_S2_MultiBand_2025-0000000000-0000000000.tif,EPSG:4326,EPSG:32648,742306.1845007435,4406184.323503191,748706.1845007435,4412584.323503191,10.0,train,2,0
t00_Ordos_S2_MultiBand_2025-0000000000-0000000000_r11776_c12288,E:\260827YOLORUN\GEE_Export_2025\Ordos_S2_MultiBand_2025-0000000000-0000000000.tif,EPSG:4326,EPSG:32648,747426.1845007435,4406184.323503191,753826.1845007435,4412584.323503191,10.0,train,1,0
t00_Ordos_S2_MultiBand_2025-0000000000-0000000000_r12288_c11776,E:\260827YOLORUN\GEE_Export_2025\Ordos_S2_MultiBand_2025-0000000000-0000000000.tif,EPSG:4326,EPSG:32648,742306.1845007435,4401064.323503191,748706.1845007435,4407464.323503191,10.0,train,2,0
t00_Ordos_S2_MultiBand_2025-0000000000-0000000000_r12800_c11264,E:\260827YOLORUN\GEE_Export_2025\Ordos_S2_MultiBand_2025-0000000000-0000000000.tif,EPSG:4326,EPSG:32648,737186.1845007435,4395944.323503191,743586.1845007435,4402344.323503191,10.0,train,4,0
t00_Ordos_S2_MultiBand_2025-0000000000-0000000000_r12800_c11776,E:\260827YOLORUN\GEE_Export_2025\Ordos_S2_MultiBand_2025-0000000000-0000000000.tif,EPSG:4326,EPSG:32648,742306.1845007435,4395944.323503191,748706.1845007435,4402344.323503191,10.0,train,3,0
t00_Ordos_S2_MultiBand_2025-0000000000-0000000000_r12800_c12288,E:\260827YOLORUN\GEE_Export_2025\Ordos_S2_MultiBand_2025-0000000000-0000000000.tif,EPSG:4326,EPSG:32648,747426.1845007435,4395944.323503191,753826.1845007435,4402344.323503191,10.0,train,1,0
t00_Ordos_S2_MultiBand_2025-0000000000-0000000000_r12800_c14336,E:\260827YOLORUN\GEE_Export_2025\Ordos_S2_MultiBand_2025-0000000000-0000000000.tif,EPSG:4326,EPSG:32648,767906.1845007435,4395944.323503191,774306.1845007435,4402344.323503191,10.0,train,2,0
t00_Ordos_S2_MultiBand_2025-0000000000-0000000000_r12800_c14376,E:\260827YOLORUN\GEE_Export_2025\Ordos_S2_MultiBand_2025-0000000000-0000000000.tif,EPSG:4326,EPSG:32648,768306.1845007435,4395944.323503191,774706.1845007435,4402344.323503191,10.0,train,2,0
t00_Ordos_S2_MultiBand_2025-0000000000-0000000000_r13312_c10752,E:\260827YOLORUN\GEE_Export_2025\Ordos_S2_MultiBand_2025-0000000000-0000000000.tif,EPSG:4326,EPSG:32648,732066.1845007435,4390824.323503191,738466.1845007435,4397224.323503191,10.0,train,1,0
t00_Ordos_S2_MultiBand_2025-0000000000-0000000000_r13312_c11264,E:\260827YOLORUN\GEE_Export_2025\Ordos_S2_MultiBand_2025-0000000000-0000000000.tif,EPSG:4326,EPSG:32648,737186.1845007435,4390824.323503191,743586.1845007435,4397224.323503191,10.0,train,6,0
t00_Ordos_S2_MultiBand_2025-0000000000-0000000000_r13824_c11264,E:\260827YOLORUN\GEE_Export_2025\Ordos_S2_MultiBand_2025-0000000000-0000000000.tif,EPSG:4326,EPSG:32648,737186.1845007435,4385704.323503191,743586.1845007435,4392104.323503191,10.0,train,2,0
t00_Ordos_S2_MultiBand_2025-0000000000-0000000000_r13824_c11776,E:\260827YOLORUN\GEE_Export_2025\Ordos_S2_MultiBand_2025-0000000000-0000000000.tif,EPSG:4326,EPSG:32648,742306.1845007435,4385704.323503191,748706.1845007435,4392104.323503191,10.0,train,1,0
t00_Ordos_S2_MultiBand_2025-0000000000-0000000000_r13824_c12288,E:\260827YOLORUN\GEE_Export_2025\Ordos_S2_MultiBand_2025-0000000000-0000000000.tif,EPSG:4326,EPSG:32648,747426.1845007435,4385704.323503191,753826.1845007435,4392104.323503191,10.0,train,1,0
t00_Ordos_S2_MultiBand_2025-0000000000-0000000000_r13824_c12800,E:\260827YOLORUN\GEE_Export_2025\Ordos_S2_MultiBand_2025-0000000000-0000000000.tif,EPSG:4326,EPSG:32648,752546.1845007435,4385704.323503191,758946.1845007435,4392104.323503191,10.0,train,2,0
t00_Ordos_S2_MultiBand_2025-0000000000-0000000000_r13824_c13312,E:\260827YOLORUN\GEE_Export_2025\Ordos_S2_MultiBand_2025-0000000000-0000000000.tif,EPSG:4326,EPSG:32648,757666.1845007435,4385704.323503191,764066.1845007435,4392104.323503191,10.0,train,1,0
t00_Ordos_S2_MultiBand_2025-0000000000-0000000000_r14336_c11264,E:\260827YOLORUN\GEE_Export_2025\Ordos_S2_MultiBand_2025-0000000000-0000000000.tif,EPSG:4326,EPSG:32648,737186.1845007435,4380584.323503191,743586.1845007435,4386984.323503191,10.0,train,3,0
t00_Ordos_S2_MultiBand_2025-0000000000-0000000000_r14336_c13312,E:\260827YOLORUN\GEE_Export_2025\Ordos_S2_MultiBand_2025-0000000000-0000000000.tif,EPSG:4326,EPSG:32648,757666.1845007435,4380584.323503191,764066.1845007435,4386984.323503191,10.0,train,2,0
t00_Ordos_S2_MultiBand_2025-0000000000-0000000000_r14848_c09728,E:\260827YOLORUN\GEE_Export_2025\Ordos_S2_MultiBand_2025-0000000000-0000000000.tif,EPSG:4326,EPSG:32648,721826.1845007435,4375464.323503191,728226.1845007435,4381864.323503191,10.0,train,1,0
t00_Ordos_S2_MultiBand_2025-0000000000-0000000000_r14848_c10240,E:\260827YOLORUN\GEE_Export_2025\Ordos_S2_MultiBand_2025-0000000000-0000000000.tif,EPSG:4326,EPSG:32648,726946.1845007435,4375464.323503191,733346.1845007435,4381864.323503191,10.0,train,3,0
t00_Ordos_S2_MultiBand_2025-0000000000-0000000000_r14848_c10752,E:\260827YOLORUN\GEE_Export_2025\Ordos_S2_MultiBand_2025-0000000000-0000000000.tif,EPSG:4326,EPSG:32648,732066.1845007435,4375464.323503191,738466.1845007435,4381864.323503191,10.0,train,2,0
t00_Ordos_S2_MultiBand_2025-0000000000-0000000000_r15360_c09728,E:\260827YOLORUN\GEE_Export_2025\Ordos_S2_MultiBand_2025-0000000000-0000000000.tif,EPSG:4326,EPSG:32648,721826.1845007435,4370344.323503191,728226.1845007435,4376744.323503191,10.0,train,4,0
t00_Ordos_S2_MultiBand_2025-0000000000-0000000000_r15360_c10240,E:\260827YOLORUN\GEE_Export_2025\Ordos_S2_MultiBand_2025-0000000000-0000000000.tif,EPSG:4326,EPSG:32648,726946.1845007435,4370344.323503191,733346.1845007435,4376744.323503191,10.0,train,4,0
t00_Ordos_S2_MultiBand_2025-0000000000-0000000000_r15360_c10752,E:\260827YOLORUN\GEE_Export_2025\Ordos_S2_MultiBand_2025-0000000000-0000000000.tif,EPSG:4326,EPSG:32648,732066.1845007435,4370344.323503191,738466.1845007435,4376744.323503191,10.0,train,5,0
t00_Ordos_S2_MultiBand_2025-0000000000-0000000000_r15360_c11264,E:\260827YOLORUN\GEE_Export_2025\Ordos_S2_MultiBand_2025-0000000000-0000000000.tif,EPSG:4326,EPSG:32648,737186.1845007435,4370344.323503191,743586.1845007435,4376744.323503191,10.0,train,5,0
t00_Ordos_S2_MultiBand_2025-0000000000-0000000000_r15360_c12800,E:\260827YOLORUN\GEE_Export_2025\Ordos_S2_MultiBand_2025-0000000000-0000000000.tif,EPSG:4326,EPSG:32648,752546.1845007435,4370344.323503191,758946.1845007435,4376744.323503191,10.0,train,3,0
t00_Ordos_S2_MultiBand_2025-0000000000-0000000000_r15360_c13312,E:\260827YOLORUN\GEE_Export_2025\Ordos_S2_MultiBand_2025-0000000000-0000000000.tif,EPSG:4326,EPSG:32648,757666.1845007435,4370344.323503191,764066.1845007435,4376744.323503191,10.0,train,2,0
t00_Ordos_S2_MultiBand_2025-0000000000-0000000000_r15360_c13824,E:\260827YOLORUN\GEE_Export_2025\Ordos_S2_MultiBand_2025-0000000000-0000000000.tif,EPSG:4326,EPSG:32648,762786.1845007435,4370344.323503191,769186.1845007435,4376744.323503191,10.0,train,3,0
t00_Ordos_S2_MultiBand_2025-0000000000-0000000000_r15872_c08704,E:\260827YOLORUN\GEE_Export_2025\Ordos_S2_MultiBand_2025-0000000000-0000000000.tif,EPSG:4326,EPSG:32648,711586.1845007435,4365224.323503191,717986.1845007435,4371624.323503191,10.0,train,1,0
t00_Ordos_S2_MultiBand_2025-0000000000-0000000000_r15872_c09216,E:\260827YOLORUN\GEE_Export_2025\Ordos_S2_MultiBand_2025-0000000000-0000000000.tif,EPSG:4326,EPSG:32648,716706.1845007435,4365224.323503191,723106.1845007435,4371624.323503191,10.0,train,1,0
t00_Ordos_S2_MultiBand_2025-0000000000-0000000000_r15872_c09728,E:\260827YOLORUN\GEE_Export_2025\Ordos_S2_MultiBand_2025-0000000000-0000000000.tif,EPSG:4326,EPSG:32648,721826.1845007435,4365224.323503191,728226.1845007435,4371624.323503191,10.0,train,6,0
t00_Ordos_S2_MultiBand_2025-0000000000-0000000000_r15872_c11264,E:\260827YOLORUN\GEE_Export_2025\Ordos_S2_MultiBand_2025-0000000000-0000000000.tif,EPSG:4326,EPSG:32648,737186.1845007435,4365224.323503191,743586.1845007435,4371624.323503191,10.0,train,6,0
t00_Ordos_S2_MultiBand_2025-0000000000-0000000000_r15872_c12288,E:\260827YOLORUN\GEE_Export_2025\Ordos_S2_MultiBand_2025-0000000000-0000000000.tif,EPSG:4326,EPSG:32648,747426.1845007435,4365224.323503191,753826.1845007435,4371624.323503191,10.0,train,8,0
t00_Ordos_S2_MultiBand_2025-0000000000-0000000000_r15872_c12800,E:\260827YOLORUN\GEE_Export_2025\Ordos_S2_MultiBand_2025-0000000000-0000000000.tif,EPSG:4326,EPSG:32648,752546.1845007435,4365224.323503191,758946.1845007435,4371624.323503191,10.0,train,2,0
t00_Ordos_S2_MultiBand_2025-0000000000-0000000000_r15872_c13312,E:\260827YOLORUN\GEE_Export_2025\Ordos_S2_MultiBand_2025-0000000000-0000000000.tif,EPSG:4326,EPSG:32648,757666.1845007435,4365224.323503191,764066.1845007435,4371624.323503191,10.0,train,4,0
t00_Ordos_S2_MultiBand_2025-0000000000-0000000000_r15872_c13824,E:\260827YOLORUN\GEE_Export_2025\Ordos_S2_MultiBand_2025-0000000000-0000000000.tif,EPSG:4326,EPSG:32648,762786.1845007435,4365224.323503191,769186.1845007435,4371624.323503191,10.0,train,4,0
t00_Ordos_S2_MultiBand_2025-0000000000-0000000000_r16384_c08704,E:\260827YOLORUN\GEE_Export_2025\Ordos_S2_MultiBand_2025-0000000000-0000000000.tif,EPSG:4326,EPSG:32648,711586.1845007435,4360104.323503191,717986.1845007435,4366504.323503191,10.0,train,4,0
t00_Ordos_S2_MultiBand_2025-0000000000-0000000000_r16384_c09216,E:\260827YOLORUN\GEE_Export_2025\Ordos_S2_MultiBand_2025-0000000000-0000000000.tif,EPSG:4326,EPSG:32648,716706.1845007435,4360104.323503191,723106.1845007435,4366504.323503191,10.0,train,3,0
t00_Ordos_S2_MultiBand_2025-0000000000-0000000000_r16384_c09728,E:\260827YOLORUN\GEE_Export_2025\Ordos_S2_MultiBand_2025-0000000000-0000000000.tif,EPSG:4326,EPSG:32648,721826.1845007435,4360104.323503191,728226.1845007435,4366504.323503191,10.0,train,2,0
t00_Ordos_S2_MultiBand_2025-0000000000-0000000000_r16384_c11264,E:\260827YOLORUN\GEE_Export_2025\Ordos_S2_MultiBand_2025-0000000000-0000000000.tif,EPSG:4326,EPSG:32648,737186.1845007435,4360104.323503191,743586.1845007435,4366504.323503191,10.0,train,7,0
t00_Ordos_S2_MultiBand_2025-0000000000-0000000000_r16384_c11776,E:\260827YOLORUN\GEE_Export_2025\Ordos_S2_MultiBand_2025-0000000000-0000000000.tif,EPSG:4326,EPSG:32648,742306.1845007435,4360104.323503191,748706.1845007435,4366504.323503191,10.0,train,10,0
t00_Ordos_S2_MultiBand_2025-0000000000-0000000000_r16384_c12800,E:\260827YOLORUN\GEE_Export_2025\Ordos_S2_MultiBand_2025-0000000000-0000000000.tif,EPSG:4326,EPSG:32648,752546.1845007435,4360104.323503191,758946.1845007435,4366504.323503191,10.0,train,3,0
t00_Ordos_S2_MultiBand_2025-0000000000-0000000000_r16384_c13312,E:\260827YOLORUN\GEE_Export_2025\Ordos_S2_MultiBand_2025-0000000000-0000000000.tif,EPSG:4326,EPSG:32648,757666.1845007435,4360104.323503191,764066.1845007435,4366504.323503191,10.0,train,3,0
t00_Ordos_S2_MultiBand_2025-0000000000-0000000000_r16896_c07680,E:\260827YOLORUN\GEE_Export_2025\Ordos_S2_MultiBand_2025-0000000000-0000000000.tif,EPSG:4326,EPSG:32648,701346.1845007435,4354984.323503191,707746.1845007435,4361384.323503191,10.0,train,3,0
t00_Ordos_S2_MultiBand_2025-0000000000-0000000000_r16896_c08192,E:\260827YOLORUN\GEE_Export_2025\Ordos_S2_MultiBand_2025-0000000000-0000000000.tif,EPSG:4326,EPSG:32648,706466.1845007435,4354984.323503191,712866.1845007435,4361384.323503191,10.0,train,6,0
t00_Ordos_S2_MultiBand_2025-0000000000-0000000000_r16896_c08704,E:\260827YOLORUN\GEE_Export_2025\Ordos_S2_MultiBand_2025-0000000000-0000000000.tif,EPSG:4326,EPSG:32648,711586.1845007435,4354984.323503191,717986.1845007435,4361384.323503191,10.0,train,2,0
t00_Ordos_S2_MultiBand_2025-0000000000-0000000000_r16896_c10752,E:\260827YOLORUN\GEE_Export_2025\Ordos_S2_MultiBand_2025-0000000000-0000000000.tif,EPSG:4326,EPSG:32648,732066.1845007435,4354984.323503191,738466.1845007435,4361384.323503191,10.0,train,1,0
t00_Ordos_S2_MultiBand_2025-0000000000-0000000000_r16896_c12800,E:\260827YOLORUN\GEE_Export_2025\Ordos_S2_MultiBand_2025-0000000000-0000000000.tif,EPSG:4326,EPSG:32648,752546.1845007435,4354984.323503191,758946.1845007435,4361384.323503191,10.0,train,3,0
t00_Ordos_S2_MultiBand_2025-0000000000-0000000000_r16896_c13312,E:\260827YOLORUN\GEE_Export_2025\Ordos_S2_MultiBand_2025-0000000000-0000000000.tif,EPSG:4326,EPSG:32648,757666.1845007435,4354984.323503191,764066.1845007435,4361384.323503191,10.0,train,1,0
t00_Ordos_S2_MultiBand_2025-0000000000-0000000000_r16896_c13824,E:\260827YOLORUN\GEE_Export_2025\Ordos_S2_MultiBand_2025-0000000000-0000000000.tif,EPSG:4326,EPSG:32648,762786.1845007435,4354984.323503191,769186.1845007435,4361384.323503191,10.0,train,2,0
t00_Ordos_S2_MultiBand_2025-0000000000-0000000000_r17408_c07680,E:\260827YOLORUN\GEE_Export_2025\Ordos_S2_MultiBand_2025-0000000000-0000000000.tif,EPSG:4326,EPSG:32648,701346.1845007435,4349864.323503191,707746.1845007435,4356264.323503191,10.0,train,4,0
t00_Ordos_S2_MultiBand_2025-0000000000-0000000000_r17408_c08192,E:\260827YOLORUN\GEE_Export_2025\Ordos_S2_MultiBand_2025-0000000000-0000000000.tif,EPSG:4326,EPSG:32648,706466.1845007435,4349864.323503191,712866.1845007435,4356264.323503191,10.0,train,3,0
t00_Ordos_S2_MultiBand_2025-0000000000-0000000000_r17408_c09216,E:\260827YOLORUN\GEE_Export_2025\Ordos_S2_MultiBand_2025-0000000000-0000000000.tif,EPSG:4326,EPSG:32648,716706.1845007435,4349864.323503191,723106.1845007435,4356264.323503191,10.0,train,3,0
t00_Ordos_S2_MultiBand_2025-0000000000-0000000000_r17408_c09728,E:\260827YOLORUN\GEE_Export_2025\Ordos_S2_MultiBand_2025-0000000000-0000000000.tif,EPSG:4326,EPSG:32648,721826.1845007435,4349864.323503191,728226.1845007435,4356264.323503191,10.0,train,1,0
t00_Ordos_S2_MultiBand_2025-0000000000-0000000000_r17408_c10752,E:\260827YOLORUN\GEE_Export_2025\Ordos_S2_MultiBand_2025-0000000000-0000000000.tif,EPSG:4326,EPSG:32648,732066.1845007435,4349864.323503191,738466.1845007435,4356264.323503191,10.0,train,1,0
t00_Ordos_S2_MultiBand_2025-0000000000-0000000000_r17408_c11264,E:\260827YOLORUN\GEE_Export_2025\Ordos_S2_MultiBand_2025-0000000000-0000000000.tif,EPSG:4326,EPSG:32648,737186.1845007435,4349864.323503191,743586.1845007435,4356264.323503191,10.0,train,1,0
t00_Ordos_S2_MultiBand_2025-0000000000-0000000000_r17408_c11776,E:\260827YOLORUN\GEE_Export_2025\Ordos_S2_MultiBand_2025-0000000000-0000000000.tif,EPSG:4326,EPSG:32648,742306.1845007435,4349864.323503191,748706.1845007435,4356264.323503191,10.0,train,5,0
t00_Ordos_S2_MultiBand_2025-0000000000-0000000000_r17408_c12800,E:\260827YOLORUN\GEE_Export_2025\Ordos_S2_MultiBand_2025-0000000000-0000000000.tif,EPSG:4326,EPSG:32648,752546.1845007435,4349864.323503191,758946.1845007435,4356264.323503191,10.0,train,5,0
t00_Ordos_S2_MultiBand_2025-0000000000-0000000000_r17408_c13824,E:\260827YOLORUN\GEE_Export_2025\Ordos_S2_MultiBand_2025-0000000000-0000000000.tif,EPSG:4326,EPSG:32648,762786.1845007435,4349864.323503191,769186.1845007435,4356264.323503191,10.0,train,1,0
t00_Ordos_S2_MultiBand_2025-0000000000-0000000000_r17920_c09728,E:\260827YOLORUN\GEE_Export_2025\Ordos_S2_MultiBand_2025-0000000000-0000000000.tif,EPSG:4326,EPSG:32648,721826.1845007435,4344744.323503191,728226.1845007435,4351144.323503191,10.0,train,7,0
t00_Ordos_S2_MultiBand_2025-0000000000-0000000000_r17920_c11264,E:\260827YOLORUN\GEE_Export_2025\Ordos_S2_MultiBand_2025-0000000000-0000000000.tif,EPSG:4326,EPSG:32648,737186.1845007435,4344744.323503191,743586.1845007435,4351144.323503191,10.0,train,7,0
t00_Ordos_S2_MultiBand_2025-0000000000-0000000000_r17920_c12288,E:\260827YOLORUN\GEE_Export_2025\Ordos_S2_MultiBand_2025-0000000000-0000000000.tif,EPSG:4326,EPSG:32648,747426.1845007435,4344744.323503191,753826.1845007435,4351144.323503191,10.0,train,2,0
t00_Ordos_S2_MultiBand_2025-0000000000-0000000000_r17920_c13312,E:\260827YOLORUN\GEE_Export_2025\Ordos_S2_MultiBand_2025-0000000000-0000000000.tif,EPSG:4326,EPSG:32648,757666.1845007435,4344744.323503191,764066.1845007435,4351144.323503191,10.0,train,1,0
t00_Ordos_S2_MultiBand_2025-0000000000-0000000000_r17920_c14336,E:\260827YOLORUN\GEE_Export_2025\Ordos_S2_MultiBand_2025-0000000000-0000000000.tif,EPSG:4326,EPSG:32648,767906.1845007435,4344744.323503191,774306.1845007435,4351144.323503191,10.0,train,1,0
t00_Ordos_S2_MultiBand_2025-0000000000-0000000000_r17920_c14376,E:\260827YOLORUN\GEE_Export_2025\Ordos_S2_MultiBand_2025-0000000000-0000000000.tif,EPSG:4326,EPSG:32648,768306.1845007435,4344744.323503191,774706.1845007435,4351144.323503191,10.0,train,1,0
t00_Ordos_S2_MultiBand_2025-0000000000-0000000000_r18432_c07680,E:\260827YOLORUN\GEE_Export_2025\Ordos_S2_MultiBand_2025-0000000000-0000000000.tif,EPSG:4326,EPSG:32648,701346.1845007435,4339624.323503191,707746.1845007435,4346024.323503191,10.0,train,2,0
t00_Ordos_S2_MultiBand_2025-0000000000-0000000000_r18432_c08192,E:\260827YOLORUN\GEE_Export_2025\Ordos_S2_MultiBand_2025-0000000000-0000000000.tif,EPSG:4326,EPSG:32648,706466.1845007435,4339624.323503191,712866.1845007435,4346024.323503191,10.0,train,1,0
t00_Ordos_S2_MultiBand_2025-0000000000-0000000000_r18432_c08704,E:\260827YOLORUN\GEE_Export_2025\Ordos_S2_MultiBand_2025-0000000000-0000000000.tif,EPSG:4326,EPSG:32648,711586.1845007435,4339624.323503191,717986.1845007435,4346024.323503191,10.0,train,2,0
t00_Ordos_S2_MultiBand_2025-0000000000-0000000000_r18432_c09728,E:\260827YOLORUN\GEE_Export_2025\Ordos_S2_MultiBand_2025-0000000000-0000000000.tif,EPSG:4326,EPSG:32648,721826.1845007435,4339624.323503191,728226.1845007435,4346024.323503191,10.0,train,8,0
t00_Ordos_S2_MultiBand_2025-0000000000-0000000000_r18432_c11776,E:\260827YOLORUN\GEE_Export_2025\Ordos_S2_MultiBand_2025-0000000000-0000000000.tif,EPSG:4326,EPSG:32648,742306.1845007435,4339624.323503191,748706.1845007435,4346024.323503191,10.0,train,1,0
t00_Ordos_S2_MultiBand_2025-0000000000-0000000000_r18432_c12288,E:\260827YOLORUN\GEE_Export_2025\Ordos_S2_MultiBand_2025-0000000000-0000000000.tif,EPSG:4326,EPSG:32648,747426.1845007435,4339624.323503191,753826.1845007435,4346024.323503191,10.0,train,2,0
t00_Ordos_S2_MultiBand_2025-0000000000-0000000000_r18432_c13312,E:\260827YOLORUN\GEE_Export_2025\Ordos_S2_MultiBand_2025-0000000000-0000000000.tif,EPSG:4326,EPSG:32648,757666.1845007435,4339624.323503191,764066.1845007435,4346024.323503191,10.0,train,1,0
t00_Ordos_S2_MultiBand_2025-0000000000-0000000000_r18432_c14336,E:\260827YOLORUN\GEE_Export_2025\Ordos_S2_MultiBand_2025-0000000000-0000000000.tif,EPSG:4326,EPSG:32648,767906.1845007435,4339624.323503191,774306.1845007435,4346024.323503191,10.0,train,5,0
t00_Ordos_S2_MultiBand_2025-0000000000-0000000000_r18432_c14376,E:\260827YOLORUN\GEE_Export_2025\Ordos_S2_MultiBand_2025-0000000000-0000000000.tif,EPSG:4326,EPSG:32648,768306.1845007435,4339624.323503191,774706.1845007435,4346024.323503191,10.0,train,5,0
t00_Ordos_S2_MultiBand_2025-0000000000-0000000000_r18632_c07680,E:\260827YOLORUN\GEE_Export_2025\Ordos_S2_MultiBand_2025-0000000000-0000000000.tif,EPSG:4326,EPSG:32648,701346.1845007435,4337624.323503191,707746.1845007435,4344024.323503191,10.0,train,2,0
t00_Ordos_S2_MultiBand_2025-0000000000-0000000000_r18632_c08192,E:\260827YOLORUN\GEE_Export_2025\Ordos_S2_MultiBand_2025-0000000000-0000000000.tif,EPSG:4326,EPSG:32648,706466.1845007435,4337624.323503191,712866.1845007435,4344024.323503191,10.0,train,1,0
t00_Ordos_S2_MultiBand_2025-0000000000-0000000000_r18632_c08704,E:\260827YOLORUN\GEE_Export_2025\Ordos_S2_MultiBand_2025-0000000000-0000000000.tif,EPSG:4326,EPSG:32648,711586.1845007435,4337624.323503191,717986.1845007435,4344024.323503191,10.0,train,2,0
t00_Ordos_S2_MultiBand_2025-0000000000-0000000000_r18632_c09216,E:\260827YOLORUN\GEE_Export_2025\Ordos_S2_MultiBand_2025-0000000000-0000000000.tif,EPSG:4326,EPSG:32648,716706.1845007435,4337624.323503191,723106.1845007435,4344024.323503191,10.0,train,1,0
t00_Ordos_S2_MultiBand_2025-0000000000-0000000000_r18632_c09728,E:\260827YOLORUN\GEE_Export_2025\Ordos_S2_MultiBand_2025-0000000000-0000000000.tif,EPSG:4326,EPSG:32648,721826.1845007435,4337624.323503191,728226.1845007435,4344024.323503191,10.0,train,6,0
t00_Ordos_S2_MultiBand_2025-0000000000-0000000000_r18632_c11264,E:\260827YOLORUN\GEE_Export_2025\Ordos_S2_MultiBand_2025-0000000000-0000000000.tif,EPSG:4326,EPSG:32648,737186.1845007435,4337624.323503191,743586.1845007435,4344024.323503191,10.0,train,4,0
t00_Ordos_S2_MultiBand_2025-0000000000-0000000000_r18632_c11776,E:\260827YOLORUN\GEE_Export_2025\Ordos_S2_MultiBand_2025-0000000000-0000000000.tif,EPSG:4326,EPSG:32648,742306.1845007435,4337624.323503191,748706.1845007435,4344024.323503191,10.0,train,1,0
t00_Ordos_S2_MultiBand_2025-0000000000-0000000000_r18632_c12288,E:\260827YOLORUN\GEE_Export_2025\Ordos_S2_MultiBand_2025-0000000000-0000000000.tif,EPSG:4326,EPSG:32648,747426.1845007435,4337624.323503191,753826.1845007435,4344024.323503191,10.0,train,2,0
t00_Ordos_S2_MultiBand_2025-0000000000-0000000000_r18632_c14336,E:\260827YOLORUN\GEE_Export_2025\Ordos_S2_MultiBand_2025-0000000000-0000000000.tif,EPSG:4326,EPSG:32648,767906.1845007435,4337624.323503191,774306.1845007435,4344024.323503191,10.0,train,5,0
t00_Ordos_S2_MultiBand_2025-0000000000-0000000000_r18632_c14376,E:\260827YOLORUN\GEE_Export_2025\Ordos_S2_MultiBand_2025-0000000000-0000000000.tif,EPSG:4326,EPSG:32648,768306.1845007435,4337624.323503191,774706.1845007435,4344024.323503191,10.0,train,5,0
t00_Ordos_S2_MultiBand_2025-0000000000-0000000000_r00000_c00512,E:\260827YOLORUN\GEE_Export_2025\Ordos_S2_MultiBand_2025-0000000000-0000000000.tif,EPSG:4326,EPSG:32648,629666.1845007435,4523944.323503191,636066.1845007435,4530344.323503191,10.0,train,0,1
t00_Ordos_S2_MultiBand_2025-0000000000-0000000000_r00000_c03584,E:\260827YOLORUN\GEE_Export_2025\Ordos_S2_MultiBand_2025-0000000000-0000000000.tif,EPSG:4326,EPSG:32648,660386.1845007435,4523944.323503191,666786.1845007435,4530344.323503191,10.0,train,0,1
t00_Ordos_S2_MultiBand_2025-0000000000-0000000000_r00000_c04608,E:\260827YOLORUN\GEE_Export_2025\Ordos_S2_MultiBand_2025-0000000000-0000000000.tif,EPSG:4326,EPSG:32648,670626.1845007435,4523944.323503191,677026.1845007435,4530344.323503191,10.0,train,0,1
t00_Ordos_S2_MultiBand_2025-0000000000-0000000000_r00000_c06144,E:\260827YOLORUN\GEE_Export_2025\Ordos_S2_MultiBand_2025-0000000000-0000000000.tif,EPSG:4326,EPSG:32648,685986.1845007435,4523944.323503191,692386.1845007435,4530344.323503191,10.0,train,0,1
t00_Ordos_S2_MultiBand_2025-0000000000-0000000000_r00000_c09728,E:\260827YOLORUN\GEE_Export_2025\Ordos_S2_MultiBand_2025-0000000000-0000000000.tif,EPSG:4326,EPSG:32648,721826.1845007435,4523944.323503191,728226.1845007435,4530344.323503191,10.0,train,0,1
t00_Ordos_S2_MultiBand_2025-0000000000-0000000000_r00000_c13312,E:\260827YOLORUN\GEE_Export_2025\Ordos_S2_MultiBand_2025-0000000000-0000000000.tif,EPSG:4326,EPSG:32648,757666.1845007435,4523944.323503191,764066.1845007435,4530344.323503191,10.0,train,0,1
t00_Ordos_S2_MultiBand_2025-0000000000-0000000000_r00000_c13824,E:\260827YOLORUN\GEE_Export_2025\Ordos_S2_MultiBand_2025-0000000000-0000000000.tif,EPSG:4326,EPSG:32648,762786.1845007435,4523944.323503191,769186.1845007435,4530344.323503191,10.0,train,0,1
t00_Ordos_S2_MultiBand_2025-0000000000-0000000000_r00512_c05632,E:\260827YOLORUN\GEE_Export_2025\Ordos_S2_MultiBand_2025-0000000000-0000000000.tif,EPSG:4326,EPSG:32648,680866.1845007435,4518824.323503191,687266.1845007435,4525224.323503191,10.0,train,0,1
t00_Ordos_S2_MultiBand_2025-0000000000-0000000000_r00512_c07168,E:\260827YOLORUN\GEE_Export_2025\Ordos_S2_MultiBand_2025-0000000000-0000000000.tif,EPSG:4326,EPSG:32648,696226.1845007435,4518824.323503191,702626.1845007435,4525224.323503191,10.0,train,0,1
t00_Ordos_S2_MultiBand_2025-0000000000-0000000000_r01024_c03584,E:\260827YOLORUN\GEE_Export_2025\Ordos_S2_MultiBand_2025-0000000000-0000000000.tif,EPSG:4326,EPSG:32648,660386.1845007435,4513704.323503191,666786.1845007435,4520104.323503191,10.0,train,0,1
t00_Ordos_S2_MultiBand_2025-0000000000-0000000000_r01024_c14376,E:\260827YOLORUN\GEE_Export_2025\Ordos_S2_MultiBand_2025-0000000000-0000000000.tif,EPSG:4326,EPSG:32648,768306.1845007435,4513704.323503191,774706.1845007435,4520104.323503191,10.0,train,0,1
t00_Ordos_S2_MultiBand_2025-0000000000-0000000000_r01536_c00000,E:\260827YOLORUN\GEE_Export_2025\Ordos_S2_MultiBand_2025-0000000000-0000000000.tif,EPSG:4326,EPSG:32648,624546.1845007435,4508584.323503191,630946.1845007435,4514984.323503191,10.0,train,0,1
t00_Ordos_S2_MultiBand_2025-0000000000-0000000000_r01536_c02560,E:\260827YOLORUN\GEE_Export_2025\Ordos_S2_MultiBand_2025-0000000000-0000000000.tif,EPSG:4326,EPSG:32648,650146.1845007435,4508584.323503191,656546.1845007435,4514984.323503191,10.0,train,0,1
t00_Ordos_S2_MultiBand_2025-0000000000-0000000000_r01536_c05632,E:\260827YOLORUN\GEE_Export_2025\Ordos_S2_MultiBand_2025-0000000000-0000000000.tif,EPSG:4326,EPSG:32648,680866.1845007435,4508584.323503191,687266.1845007435,4514984.323503191,10.0,train,0,1
t00_Ordos_S2_MultiBand_2025-0000000000-0000000000_r02048_c03584,E:\260827YOLORUN\GEE_Export_2025\Ordos_S2_MultiBand_2025-0000000000-0000000000.tif,EPSG:4326,EPSG:32648,660386.1845007435,4503464.323503191,666786.1845007435,4509864.323503191,10.0,train,0,1
t00_Ordos_S2_MultiBand_2025-0000000000-0000000000_r02048_c04608,E:\260827YOLORUN\GEE_Export_2025\Ordos_S2_MultiBand_2025-0000000000-0000000000.tif,EPSG:4326,EPSG:32648,670626.1845007435,4503464.323503191,677026.1845007435,4509864.323503191,10.0,train,0,1
t00_Ordos_S2_MultiBand_2025-0000000000-0000000000_r02048_c07168,E:\260827YOLORUN\GEE_Export_2025\Ordos_S2_MultiBand_2025-0000000000-0000000000.tif,EPSG:4326,EPSG:32648,696226.1845007435,4503464.323503191,702626.1845007435,4509864.323503191,10.0,train,0,1
t00_Ordos_S2_MultiBand_2025-0000000000-0000000000_r02048_c08704,E:\260827YOLORUN\GEE_Export_2025\Ordos_S2_MultiBand_2025-0000000000-0000000000.tif,EPSG:4326,EPSG:32648,711586.1845007435,4503464.323503191,717986.1845007435,4509864.323503191,10.0,train,0,1
t00_Ordos_S2_MultiBand_2025-0000000000-0000000000_r02048_c09728,E:\260827YOLORUN\GEE_Export_2025\Ordos_S2_MultiBand_2025-0000000000-0000000000.tif,EPSG:4326,EPSG:32648,721826.1845007435,4503464.323503191,728226.1845007435,4509864.323503191,10.0,train,0,1
t00_Ordos_S2_MultiBand_2025-0000000000-0000000000_r02560_c06656,E:\260827YOLORUN\GEE_Export_2025\Ordos_S2_MultiBand_2025-0000000000-0000000000.tif,EPSG:4326,EPSG:32648,691106.1845007435,4498344.323503191,697506.1845007435,4504744.323503191,10.0,train,0,1
t00_Ordos_S2_MultiBand_2025-0000000000-0000000000_r02560_c09216,E:\260827YOLORUN\GEE_Export_2025\Ordos_S2_MultiBand_2025-0000000000-0000000000.tif,EPSG:4326,EPSG:32648,716706.1845007435,4498344.323503191,723106.1845007435,4504744.323503191,10.0,train,0,1
t00_Ordos_S2_MultiBand_2025-0000000000-0000000000_r02560_c14376,E:\260827YOLORUN\GEE_Export_2025\Ordos_S2_MultiBand_2025-0000000000-0000000000.tif,EPSG:4326,EPSG:32648,768306.1845007435,4498344.323503191,774706.1845007435,4504744.323503191,10.0,train,0,1
t00_Ordos_S2_MultiBand_2025-0000000000-0000000000_r03072_c03072,E:\260827YOLORUN\GEE_Export_2025\Ordos_S2_MultiBand_2025-0000000000-0000000000.tif,EPSG:4326,EPSG:32648,655266.1845007435,4493224.323503191,661666.1845007435,4499624.323503191,10.0,train,0,1
t00_Ordos_S2_MultiBand_2025-0000000000-0000000000_r03072_c12288,E:\260827YOLORUN\GEE_Export_2025\Ordos_S2_MultiBand_2025-0000000000-0000000000.tif,EPSG:4326,EPSG:32648,747426.1845007435,4493224.323503191,753826.1845007435,4499624.323503191,10.0,train,0,1
t00_Ordos_S2_MultiBand_2025-0000000000-0000000000_r03584_c02048,E:\260827YOLORUN\GEE_Export_2025\Ordos_S2_MultiBand_2025-0000000000-0000000000.tif,EPSG:4326,EPSG:32648,645026.1845007435,4488104.323503191,651426.1845007435,4494504.323503191,10.0,train,0,1
t00_Ordos_S2_MultiBand_2025-0000000000-0000000000_r03584_c13312,E:\260827YOLORUN\GEE_Export_2025\Ordos_S2_MultiBand_2025-0000000000-0000000000.tif,EPSG:4326,EPSG:32648,757666.1845007435,4488104.323503191,764066.1845007435,4494504.323503191,10.0,train,0,1
t00_Ordos_S2_MultiBand_2025-0000000000-0000000000_r04096_c01024,E:\260827YOLORUN\GEE_Export_2025\Ordos_S2_MultiBand_2025-0000000000-0000000000.tif,EPSG:4326,EPSG:32648,634786.1845007435,4482984.323503191,641186.1845007435,4489384.323503191,10.0,train,0,1
t00_Ordos_S2_MultiBand_2025-0000000000-0000000000_r04096_c13312,E:\260827YOLORUN\GEE_Export_2025\Ordos_S2_MultiBand_2025-0000000000-0000000000.tif,EPSG:4326,EPSG:32648,757666.1845007435,4482984.323503191,764066.1845007435,4489384.323503191,10.0,train,0,1
t00_Ordos_S2_MultiBand_2025-0000000000-0000000000_r04608_c00000,E:\260827YOLORUN\GEE_Export_2025\Ordos_S2_MultiBand_2025-0000000000-0000000000.tif,EPSG:4326,EPSG:32648,624546.1845007435,4477864.323503191,630946.1845007435,4484264.323503191,10.0,train,0,1
t00_Ordos_S2_MultiBand_2025-0000000000-0000000000_r04608_c06656,E:\260827YOLORUN\GEE_Export_2025\Ordos_S2_MultiBand_2025-0000000000-0000000000.tif,EPSG:4326,EPSG:32648,691106.1845007435,4477864.323503191,697506.1845007435,4484264.323503191,10.0,train,0,1
t00_Ordos_S2_MultiBand_2025-0000000000-0000000000_r05120_c00512,E:\260827YOLORUN\GEE_Export_2025\Ordos_S2_MultiBand_2025-0000000000-0000000000.tif,EPSG:4326,EPSG:32648,629666.1845007435,4472744.323503191,636066.1845007435,4479144.323503191,10.0,train,0,1
t00_Ordos_S2_MultiBand_2025-0000000000-0000000000_r05120_c02048,E:\260827YOLORUN\GEE_Export_2025\Ordos_S2_MultiBand_2025-0000000000-0000000000.tif,EPSG:4326,EPSG:32648,645026.1845007435,4472744.323503191,651426.1845007435,4479144.323503191,10.0,train,0,1
t00_Ordos_S2_MultiBand_2025-0000000000-0000000000_r05120_c05632,E:\260827YOLORUN\GEE_Export_2025\Ordos_S2_MultiBand_2025-0000000000-0000000000.tif,EPSG:4326,EPSG:32648,680866.1845007435,4472744.323503191,687266.1845007435,4479144.323503191,10.0,train,0,1
t00_Ordos_S2_MultiBand_2025-0000000000-0000000000_r05120_c06144,E:\260827YOLORUN\GEE_Export_2025\Ordos_S2_MultiBand_2025-0000000000-0000000000.tif,EPSG:4326,EPSG:32648,685986.1845007435,4472744.323503191,692386.1845007435,4479144.323503191,10.0,train,0,1
t00_Ordos_S2_MultiBand_2025-0000000000-0000000000_r05632_c04096,E:\260827YOLORUN\GEE_Export_2025\Ordos_S2_MultiBand_2025-0000000000-0000000000.tif,EPSG:4326,EPSG:32648,665506.1845007435,4467624.323503191,671906.1845007435,4474024.323503191,10.0,train,0,1
t00_Ordos_S2_MultiBand_2025-0000000000-0000000000_r05632_c13312,E:\260827YOLORUN\GEE_Export_2025\Ordos_S2_MultiBand_2025-0000000000-0000000000.tif,EPSG:4326,EPSG:32648,757666.1845007435,4467624.323503191,764066.1845007435,4474024.323503191,10.0,train,0,1
t00_Ordos_S2_MultiBand_2025-0000000000-0000000000_r06144_c11264,E:\260827YOLORUN\GEE_Export_2025\Ordos_S2_MultiBand_2025-0000000000-0000000000.tif,EPSG:4326,EPSG:32648,737186.1845007435,4462504.323503191,743586.1845007435,4468904.323503191,10.0,train,0,1
t00_Ordos_S2_MultiBand_2025-0000000000-0000000000_r06144_c14376,E:\260827YOLORUN\GEE_Export_2025\Ordos_S2_MultiBand_2025-0000000000-0000000000.tif,EPSG:4326,EPSG:32648,768306.1845007435,4462504.323503191,774706.1845007435,4468904.323503191,10.0,train,0,1
t00_Ordos_S2_MultiBand_2025-0000000000-0000000000_r06656_c09216,E:\260827YOLORUN\GEE_Export_2025\Ordos_S2_MultiBand_2025-0000000000-0000000000.tif,EPSG:4326,EPSG:32648,716706.1845007435,4457384.323503191,723106.1845007435,4463784.323503191,10.0,train,0,1
t00_Ordos_S2_MultiBand_2025-0000000000-0000000000_r07168_c00000,E:\260827YOLORUN\GEE_Export_2025\Ordos_S2_MultiBand_2025-0000000000-0000000000.tif,EPSG:4326,EPSG:32648,624546.1845007435,4452264.323503191,630946.1845007435,4458664.323503191,10.0,train,0,1
t00_Ordos_S2_MultiBand_2025-0000000000-0000000000_r07168_c04608,E:\260827YOLORUN\GEE_Export_2025\Ordos_S2_MultiBand_2025-0000000000-0000000000.tif,EPSG:4326,EPSG:32648,670626.1845007435,4452264.323503191,677026.1845007435,4458664.323503191,10.0,train,0,1
t00_Ordos_S2_MultiBand_2025-0000000000-0000000000_r07168_c06656,E:\260827YOLORUN\GEE_Export_2025\Ordos_S2_MultiBand_2025-0000000000-0000000000.tif,EPSG:4326,EPSG:32648,691106.1845007435,4452264.323503191,697506.1845007435,4458664.323503191,10.0,train,0,1
t00_Ordos_S2_MultiBand_2025-0000000000-0000000000_r07168_c11776,E:\260827YOLORUN\GEE_Export_2025\Ordos_S2_MultiBand_2025-0000000000-0000000000.tif,EPSG:4326,EPSG:32648,742306.1845007435,4452264.323503191,748706.1845007435,4458664.323503191,10.0,train,0,1
t00_Ordos_S2_MultiBand_2025-0000000000-0000000000_r07680_c00512,E:\260827YOLORUN\GEE_Export_2025\Ordos_S2_MultiBand_2025-0000000000-0000000000.tif,EPSG:4326,EPSG:32648,629666.1845007435,4447144.323503191,636066.1845007435,4453544.323503191,10.0,train,0,1
t00_Ordos_S2_MultiBand_2025-0000000000-0000000000_r07680_c14336,E:\260827YOLORUN\GEE_Export_2025\Ordos_S2_MultiBand_2025-0000000000-0000000000.tif,EPSG:4326,EPSG:32648,767906.1845007435,4447144.323503191,774306.1845007435,4453544.323503191,10.0,train,0,1
t00_Ordos_S2_MultiBand_2025-0000000000-0000000000_r08192_c03584,E:\260827YOLORUN\GEE_Export_2025\Ordos_S2_MultiBand_2025-0000000000-0000000000.tif,EPSG:4326,EPSG:32648,660386.1845007435,4442024.323503191,666786.1845007435,4448424.323503191,10.0,train,0,1
t00_Ordos_S2_MultiBand_2025-0000000000-0000000000_r08192_c09728,E:\260827YOLORUN\GEE_Export_2025\Ordos_S2_MultiBand_2025-0000000000-0000000000.tif,EPSG:4326,EPSG:32648,721826.1845007435,4442024.323503191,728226.1845007435,4448424.323503191,10.0,train,0,1
t00_Ordos_S2_MultiBand_2025-0000000000-0000000000_r08704_c01536,E:\260827YOLORUN\GEE_Export_2025\Ordos_S2_MultiBand_2025-0000000000-0000000000.tif,EPSG:4326,EPSG:32648,639906.1845007435,4436904.323503191,646306.1845007435,4443304.323503191,10.0,train,0,1
t00_Ordos_S2_MultiBand_2025-0000000000-0000000000_r08704_c05632,E:\260827YOLORUN\GEE_Export_2025\Ordos_S2_MultiBand_2025-0000000000-0000000000.tif,EPSG:4326,EPSG:32648,680866.1845007435,4436904.323503191,687266.1845007435,4443304.323503191,10.0,train,0,1
t00_Ordos_S2_MultiBand_2025-0000000000-0000000000_r08704_c07168,E:\260827YOLORUN\GEE_Export_2025\Ordos_S2_MultiBand_2025-0000000000-0000000000.tif,EPSG:4326,EPSG:32648,696226.1845007435,4436904.323503191,702626.1845007435,4443304.323503191,10.0,train,0,1
t00_Ordos_S2_MultiBand_2025-0000000000-0000000000_r08704_c09216,E:\260827YOLORUN\GEE_Export_2025\Ordos_S2_MultiBand_2025-0000000000-0000000000.tif,EPSG:4326,EPSG:32648,716706.1845007435,4436904.323503191,723106.1845007435,4443304.323503191,10.0,train,0,1
t00_Ordos_S2_MultiBand_2025-0000000000-0000000000_r08704_c13824,E:\260827YOLORUN\GEE_Export_2025\Ordos_S2_MultiBand_2025-0000000000-0000000000.tif,EPSG:4326,EPSG:32648,762786.1845007435,4436904.323503191,769186.1845007435,4443304.323503191,10.0,train,0,1
t00_Ordos_S2_MultiBand_2025-0000000000-0000000000_r08704_c14336,E:\260827YOLORUN\GEE_Export_2025\Ordos_S2_MultiBand_2025-0000000000-0000000000.tif,EPSG:4326,EPSG:32648,767906.1845007435,4436904.323503191,774306.1845007435,4443304.323503191,10.0,train,0,1
t00_Ordos_S2_MultiBand_2025-0000000000-0000000000_r09216_c04608,E:\260827YOLORUN\GEE_Export_2025\Ordos_S2_MultiBand_2025-0000000000-0000000000.tif,EPSG:4326,EPSG:32648,670626.1845007435,4431784.323503191,677026.1845007435,4438184.323503191,10.0,train,0,1
t00_Ordos_S2_MultiBand_2025-0000000000-0000000000_r09216_c12800,E:\260827YOLORUN\GEE_Export_2025\Ordos_S2_MultiBand_2025-0000000000-0000000000.tif,EPSG:4326,EPSG:32648,752546.1845007435,4431784.323503191,758946.1845007435,4438184.323503191,10.0,train,0,1
t00_Ordos_S2_MultiBand_2025-0000000000-0000000000_r09728_c00512,E:\260827YOLORUN\GEE_Export_2025\Ordos_S2_MultiBand_2025-0000000000-0000000000.tif,EPSG:4326,EPSG:32648,629666.1845007435,4426664.323503191,636066.1845007435,4433064.323503191,10.0,train,0,1
t00_Ordos_S2_MultiBand_2025-0000000000-0000000000_r10240_c04608,E:\260827YOLORUN\GEE_Export_2025\Ordos_S2_MultiBand_2025-0000000000-0000000000.tif,EPSG:4326,EPSG:32648,670626.1845007435,4421544.323503191,677026.1845007435,4427944.323503191,10.0,train,0,1
t00_Ordos_S2_MultiBand_2025-0000000000-0000000000_r10240_c07680,E:\260827YOLORUN\GEE_Export_2025\Ordos_S2_MultiBand_2025-0000000000-0000000000.tif,EPSG:4326,EPSG:32648,701346.1845007435,4421544.323503191,707746.1845007435,4427944.323503191,10.0,train,0,1
t00_Ordos_S2_MultiBand_2025-0000000000-0000000000_r10240_c13824,E:\260827YOLORUN\GEE_Export_2025\Ordos_S2_MultiBand_2025-0000000000-0000000000.tif,EPSG:4326,EPSG:32648,762786.1845007435,4421544.323503191,769186.1845007435,4427944.323503191,10.0,train,0,1
t00_Ordos_S2_MultiBand_2025-0000000000-0000000000_r10240_c14376,E:\260827YOLORUN\GEE_Export_2025\Ordos_S2_MultiBand_2025-0000000000-0000000000.tif,EPSG:4326,EPSG:32648,768306.1845007435,4421544.323503191,774706.1845007435,4427944.323503191,10.0,train,0,1
t00_Ordos_S2_MultiBand_2025-0000000000-0000000000_r10752_c03584,E:\260827YOLORUN\GEE_Export_2025\Ordos_S2_MultiBand_2025-0000000000-0000000000.tif,EPSG:4326,EPSG:32648,660386.1845007435,4416424.323503191,666786.1845007435,4422824.323503191,10.0,train,0,1
t00_Ordos_S2_MultiBand_2025-0000000000-0000000000_r11264_c03584,E:\260827YOLORUN\GEE_Export_2025\Ordos_S2_MultiBand_2025-0000000000-0000000000.tif,EPSG:4326,EPSG:32648,660386.1845007435,4411304.323503191,666786.1845007435,4417704.323503191,10.0,train,0,1
t00_Ordos_S2_MultiBand_2025-0000000000-0000000000_r11264_c11264,E:\260827YOLORUN\GEE_Export_2025\Ordos_S2_MultiBand_2025-0000000000-0000000000.tif,EPSG:4326,EPSG:32648,737186.1845007435,4411304.323503191,743586.1845007435,4417704.323503191,10.0,train,0,1
t00_Ordos_S2_MultiBand_2025-0000000000-0000000000_r11264_c13824,E:\260827YOLORUN\GEE_Export_2025\Ordos_S2_MultiBand_2025-0000000000-0000000000.tif,EPSG:4326,EPSG:32648,762786.1845007435,4411304.323503191,769186.1845007435,4417704.323503191,10.0,train,0,1
t00_Ordos_S2_MultiBand_2025-0000000000-0000000000_r11264_c14376,E:\260827YOLORUN\GEE_Export_2025\Ordos_S2_MultiBand_2025-0000000000-0000000000.tif,EPSG:4326,EPSG:32648,768306.1845007435,4411304.323503191,774706.1845007435,4417704.323503191,10.0,train,0,1
t00_Ordos_S2_MultiBand_2025-0000000000-0000000000_r11776_c13312,E:\260827YOLORUN\GEE_Export_2025\Ordos_S2_MultiBand_2025-0000000000-0000000000.tif,EPSG:4326,EPSG:32648,757666.1845007435,4406184.323503191,764066.1845007435,4412584.323503191,10.0,train,0,1
t00_Ordos_S2_MultiBand_2025-0000000000-0000000000_r11776_c13824,E:\260827YOLORUN\GEE_Export_2025\Ordos_S2_MultiBand_2025-0000000000-0000000000.tif,EPSG:4326,EPSG:32648,762786.1845007435,4406184.323503191,769186.1845007435,4412584.323503191,10.0,train,0,1
t00_Ordos_S2_MultiBand_2025-0000000000-0000000000_r12288_c08192,E:\260827YOLORUN\GEE_Export_2025\Ordos_S2_MultiBand_2025-0000000000-0000000000.tif,EPSG:4326,EPSG:32648,706466.1845007435,4401064.323503191,712866.1845007435,4407464.323503191,10.0,train,0,1
t00_Ordos_S2_MultiBand_2025-0000000000-0000000000_r12800_c00000,E:\260827YOLORUN\GEE_Export_2025\Ordos_S2_MultiBand_2025-0000000000-0000000000.tif,EPSG:4326,EPSG:32648,624546.1845007435,4395944.323503191,630946.1845007435,4402344.323503191,10.0,train,0,1
t00_Ordos_S2_MultiBand_2025-0000000000-0000000000_r12800_c00512,E:\260827YOLORUN\GEE_Export_2025\Ordos_S2_MultiBand_2025-0000000000-0000000000.tif,EPSG:4326,EPSG:32648,629666.1845007435,4395944.323503191,636066.1845007435,4402344.323503191,10.0,train,0,1
t00_Ordos_S2_MultiBand_2025-0000000000-0000000000_r12800_c02560,E:\260827YOLORUN\GEE_Export_2025\Ordos_S2_MultiBand_2025-0000000000-0000000000.tif,EPSG:4326,EPSG:32648,650146.1845007435,4395944.323503191,656546.1845007435,4402344.323503191,10.0,train,0,1
t00_Ordos_S2_MultiBand_2025-0000000000-0000000000_r12800_c06656,E:\260827YOLORUN\GEE_Export_2025\Ordos_S2_MultiBand_2025-0000000000-0000000000.tif,EPSG:4326,EPSG:32648,691106.1845007435,4395944.323503191,697506.1845007435,4402344.323503191,10.0,train,0,1
t00_Ordos_S2_MultiBand_2025-0000000000-0000000000_r12800_c12800,E:\260827YOLORUN\GEE_Export_2025\Ordos_S2_MultiBand_2025-0000000000-0000000000.tif,EPSG:4326,EPSG:32648,752546.1845007435,4395944.323503191,758946.1845007435,4402344.323503191,10.0,train,0,1
t00_Ordos_S2_MultiBand_2025-0000000000-0000000000_r13824_c04608,E:\260827YOLORUN\GEE_Export_2025\Ordos_S2_MultiBand_2025-0000000000-0000000000.tif,EPSG:4326,EPSG:32648,670626.1845007435,4385704.323503191,677026.1845007435,4392104.323503191,10.0,train,0,1
t00_Ordos_S2_MultiBand_2025-0000000000-0000000000_r14336_c14376,E:\260827YOLORUN\GEE_Export_2025\Ordos_S2_MultiBand_2025-0000000000-0000000000.tif,EPSG:4326,EPSG:32648,768306.1845007435,4380584.323503191,774706.1845007435,4386984.323503191,10.0,train,0,1
t00_Ordos_S2_MultiBand_2025-0000000000-0000000000_r14848_c04096,E:\260827YOLORUN\GEE_Export_2025\Ordos_S2_MultiBand_2025-0000000000-0000000000.tif,EPSG:4326,EPSG:32648,665506.1845007435,4375464.323503191,671906.1845007435,4381864.323503191,10.0,train,0,1
t00_Ordos_S2_MultiBand_2025-0000000000-0000000000_r15360_c04608,E:\260827YOLORUN\GEE_Export_2025\Ordos_S2_MultiBand_2025-0000000000-0000000000.tif,EPSG:4326,EPSG:32648,670626.1845007435,4370344.323503191,677026.1845007435,4376744.323503191,10.0,train,0,1
t00_Ordos_S2_MultiBand_2025-0000000000-0000000000_r15360_c05120,E:\260827YOLORUN\GEE_Export_2025\Ordos_S2_MultiBand_2025-0000000000-0000000000.tif,EPSG:4326,EPSG:32648,675746.1845007435,4370344.323503191,682146.1845007435,4376744.323503191,10.0,train,0,1
t00_Ordos_S2_MultiBand_2025-0000000000-0000000000_r15360_c08192,E:\260827YOLORUN\GEE_Export_2025\Ordos_S2_MultiBand_2025-0000000000-0000000000.tif,EPSG:4326,EPSG:32648,706466.1845007435,4370344.323503191,712866.1845007435,4376744.323503191,10.0,train,0,1
t00_Ordos_S2_MultiBand_2025-0000000000-0000000000_r15872_c01536,E:\260827YOLORUN\GEE_Export_2025\Ordos_S2_MultiBand_2025-0000000000-0000000000.tif,EPSG:4326,EPSG:32648,639906.1845007435,4365224.323503191,646306.1845007435,4371624.323503191,10.0,train,0,1
t00_Ordos_S2_MultiBand_2025-0000000000-0000000000_r15872_c06144,E:\260827YOLORUN\GEE_Export_2025\Ordos_S2_MultiBand_2025-0000000000-0000000000.tif,EPSG:4326,EPSG:32648,685986.1845007435,4365224.323503191,692386.1845007435,4371624.323503191,10.0,train,0,1
t00_Ordos_S2_MultiBand_2025-0000000000-0000000000_r16384_c01024,E:\260827YOLORUN\GEE_Export_2025\Ordos_S2_MultiBand_2025-0000000000-0000000000.tif,EPSG:4326,EPSG:32648,634786.1845007435,4360104.323503191,641186.1845007435,4366504.323503191,10.0,train,0,1
t00_Ordos_S2_MultiBand_2025-0000000000-0000000000_r16896_c04608,E:\260827YOLORUN\GEE_Export_2025\Ordos_S2_MultiBand_2025-0000000000-0000000000.tif,EPSG:4326,EPSG:32648,670626.1845007435,4354984.323503191,677026.1845007435,4361384.323503191,10.0,train,0,1
t00_Ordos_S2_MultiBand_2025-0000000000-0000000000_r17408_c05632,E:\260827YOLORUN\GEE_Export_2025\Ordos_S2_MultiBand_2025-0000000000-0000000000.tif,EPSG:4326,EPSG:32648,680866.1845007435,4349864.323503191,687266.1845007435,4356264.323503191,10.0,train,0,1
t00_Ordos_S2_MultiBand_2025-0000000000-0000000000_r17920_c09216,E:\260827YOLORUN\GEE_Export_2025\Ordos_S2_MultiBand_2025-0000000000-0000000000.tif,EPSG:4326,EPSG:32648,716706.1845007435,4344744.323503191,723106.1845007435,4351144.323503191,10.0,train,0,1
t00_Ordos_S2_MultiBand_2025-0000000000-0000000000_r18432_c03072,E:\260827YOLORUN\GEE_Export_2025\Ordos_S2_MultiBand_2025-0000000000-0000000000.tif,EPSG:4326,EPSG:32648,655266.1845007435,4339624.323503191,661666.1845007435,4346024.323503191,10.0,train,0,1
t00_Ordos_S2_MultiBand_2025-0000000000-0000000000_r18432_c05632,E:\260827YOLORUN\GEE_Export_2025\Ordos_S2_MultiBand_2025-0000000000-0000000000.tif,EPSG:4326,EPSG:32648,680866.1845007435,4339624.323503191,687266.1845007435,4346024.323503191,10.0,train,0,1
t00_Ordos_S2_MultiBand_2025-0000000000-0000000000_r18632_c02048,E:\260827YOLORUN\GEE_Export_2025\Ordos_S2_MultiBand_2025-0000000000-0000000000.tif,EPSG:4326,EPSG:32648,645026.1845007435,4337624.323503191,651426.1845007435,4344024.323503191,10.0,train,0,1
t00_Ordos_S2_MultiBand_2025-0000000000-0000000000_r18632_c13824,E:\260827YOLORUN\GEE_Export_2025\Ordos_S2_MultiBand_2025-0000000000-0000000000.tif,EPSG:4326,EPSG:32648,762786.1845007435,4337624.323503191,769186.1845007435,4344024.323503191,10.0,train,0,1
t01_Ordos_S2_MultiBand_2025-0000000000-0000018944_r04608_c07168,E:\260827YOLORUN\GEE_Export_2025\Ordos_S2_MultiBand_2025-0000000000-0000018944.tif,EPSG:4326,EPSG:32648,839623.9674981339,4484480.043719335,846023.9674981339,4490880.043719335,10.0,val,8,0
t01_Ordos_S2_MultiBand_2025-0000000000-0000018944_r04608_c10752,E:\260827YOLORUN\GEE_Export_2025\Ordos_S2_MultiBand_2025-0000000000-0000018944.tif,EPSG:4326,EPSG:32648,875463.9674981339,4484480.043719335,881863.9674981339,4490880.043719335,10.0,val,7,0
t01_Ordos_S2_MultiBand_2025-0000000000-0000018944_r05120_c08704,E:\260827YOLORUN\GEE_Export_2025\Ordos_S2_MultiBand_2025-0000000000-0000018944.tif,EPSG:4326,EPSG:32648,854983.9674981339,4479360.043719335,861383.9674981339,4485760.043719335,10.0,val,10,0
t01_Ordos_S2_MultiBand_2025-0000000000-0000018944_r05120_c10240,E:\260827YOLORUN\GEE_Export_2025\Ordos_S2_MultiBand_2025-0000000000-0000018944.tif,EPSG:4326,EPSG:32648,870343.9674981339,4479360.043719335,876743.9674981339,4485760.043719335,10.0,val,3,0
t01_Ordos_S2_MultiBand_2025-0000000000-0000018944_r05632_c11264,E:\260827YOLORUN\GEE_Export_2025\Ordos_S2_MultiBand_2025-0000000000-0000018944.tif,EPSG:4326,EPSG:32648,880583.9674981339,4474240.043719335,886983.9674981339,4480640.043719335,10.0,val,2,0
t01_Ordos_S2_MultiBand_2025-0000000000-0000018944_r05632_c14742,E:\260827YOLORUN\GEE_Export_2025\Ordos_S2_MultiBand_2025-0000000000-0000018944.tif,EPSG:4326,EPSG:32648,915363.967498134,4474240.043719335,921763.967498134,4480640.043719335,10.0,val,1,0
t01_Ordos_S2_MultiBand_2025-0000000000-0000018944_r06144_c08192,E:\260827YOLORUN\GEE_Export_2025\Ordos_S2_MultiBand_2025-0000000000-0000018944.tif,EPSG:4326,EPSG:32648,849863.9674981339,4469120.043719335,856263.9674981339,4475520.043719335,10.0,val,1,0
t01_Ordos_S2_MultiBand_2025-0000000000-0000018944_r06144_c09728,E:\260827YOLORUN\GEE_Export_2025\Ordos_S2_MultiBand_2025-0000000000-0000018944.tif,EPSG:4326,EPSG:32648,865223.9674981339,4469120.043719335,871623.9674981339,4475520.043719335,10.0,val,10,0
t01_Ordos_S2_MultiBand_2025-0000000000-0000018944_r06144_c10240,E:\260827YOLORUN\GEE_Export_2025\Ordos_S2_MultiBand_2025-0000000000-0000018944.tif,EPSG:4326,EPSG:32648,870343.9674981339,4469120.043719335,876743.9674981339,4475520.043719335,10.0,val,10,0
t01_Ordos_S2_MultiBand_2025-0000000000-0000018944_r06144_c14336,E:\260827YOLORUN\GEE_Export_2025\Ordos_S2_MultiBand_2025-0000000000-0000018944.tif,EPSG:4326,EPSG:32648,911303.967498134,4469120.043719335,917703.967498134,4475520.043719335,10.0,val,2,0
t01_Ordos_S2_MultiBand_2025-0000000000-0000018944_r06144_c14742,E:\260827YOLORUN\GEE_Export_2025\Ordos_S2_MultiBand_2025-0000000000-0000018944.tif,EPSG:4326,EPSG:32648,915363.967498134,4469120.043719335,921763.967498134,4475520.043719335,10.0,val,2,0
t01_Ordos_S2_MultiBand_2025-0000000000-0000018944_r06656_c12800,E:\260827YOLORUN\GEE_Export_2025\Ordos_S2_MultiBand_2025-0000000000-0000018944.tif,EPSG:4326,EPSG:32648,895943.9674981339,4464000.043719335,902343.967498134,4470400.043719335,10.0,val,1,0
t01_Ordos_S2_MultiBand_2025-0000000000-0000018944_r07168_c08704,E:\260827YOLORUN\GEE_Export_2025\Ordos_S2_MultiBand_2025-0000000000-0000018944.tif,EPSG:4326,EPSG:32648,854983.9674981339,4458880.043719335,861383.9674981339,4465280.043719335,10.0,val,7,0
t01_Ordos_S2_MultiBand_2025-0000000000-0000018944_r07680_c11776,E:\260827YOLORUN\GEE_Export_2025\Ordos_S2_MultiBand_2025-0000000000-0000018944.tif,EPSG:4326,EPSG:32648,885703.9674981339,4453760.043719335,892103.9674981339,4460160.043719335,10.0,val,8,0
t01_Ordos_S2_MultiBand_2025-0000000000-0000018944_r08192_c02560,E:\260827YOLORUN\GEE_Export_2025\Ordos_S2_MultiBand_2025-0000000000-0000018944.tif,EPSG:4326,EPSG:32648,793543.9674981339,4448640.043719335,799943.9674981339,4455040.043719335,10.0,train,4,0
t01_Ordos_S2_MultiBand_2025-0000000000-0000018944_r10752_c01536,E:\260827YOLORUN\GEE_Export_2025\Ordos_S2_MultiBand_2025-0000000000-0000018944.tif,EPSG:4326,EPSG:32648,783303.9674981339,4423040.043719335,789703.9674981339,4429440.043719335,10.0,train,4,0
t01_Ordos_S2_MultiBand_2025-0000000000-0000018944_r13312_c00000,E:\260827YOLORUN\GEE_Export_2025\Ordos_S2_MultiBand_2025-0000000000-0000018944.tif,EPSG:4326,EPSG:32648,767943.9674981339,4397440.043719335,774343.9674981339,4403840.043719335,10.0,train,2,0
t01_Ordos_S2_MultiBand_2025-0000000000-0000018944_r15360_c01024,E:\260827YOLORUN\GEE_Export_2025\Ordos_S2_MultiBand_2025-0000000000-0000018944.tif,EPSG:4326,EPSG:32648,778183.9674981339,4376960.043719335,784583.9674981339,4383360.043719335,10.0,train,4,0
t01_Ordos_S2_MultiBand_2025-0000000000-0000018944_r15872_c10752,E:\260827YOLORUN\GEE_Export_2025\Ordos_S2_MultiBand_2025-0000000000-0000018944.tif,EPSG:4326,EPSG:32648,875463.9674981339,4371840.043719335,881863.9674981339,4378240.043719335,10.0,val,1,0
t01_Ordos_S2_MultiBand_2025-0000000000-0000018944_r16384_c10752,E:\260827YOLORUN\GEE_Export_2025\Ordos_S2_MultiBand_2025-0000000000-0000018944.tif,EPSG:4326,EPSG:32648,875463.9674981339,4366720.043719335,881863.9674981339,4373120.043719335,10.0,val,1,0
t01_Ordos_S2_MultiBand_2025-0000000000-0000018944_r17920_c01024,E:\260827YOLORUN\GEE_Export_2025\Ordos_S2_MultiBand_2025-0000000000-0000018944.tif,EPSG:4326,EPSG:32648,778183.9674981339,4351360.043719335,784583.9674981339,4357760.043719335,10.0,train,1,0
t01_Ordos_S2_MultiBand_2025-0000000000-0000018944_r17920_c01536,E:\260827YOLORUN\GEE_Export_2025\Ordos_S2_MultiBand_2025-0000000000-0000018944.tif,EPSG:4326,EPSG:32648,783303.9674981339,4351360.043719335,789703.9674981339,4357760.043719335,10.0,train,2,0
t01_Ordos_S2_MultiBand_2025-0000000000-0000018944_r18432_c00000,E:\260827YOLORUN\GEE_Export_2025\Ordos_S2_MultiBand_2025-0000000000-0000018944.tif,EPSG:4326,EPSG:32648,767943.9674981339,4346240.043719335,774343.9674981339,4352640.043719335,10.0,train,1,0
t01_Ordos_S2_MultiBand_2025-0000000000-0000018944_r18432_c01024,E:\260827YOLORUN\GEE_Export_2025\Ordos_S2_MultiBand_2025-0000000000-0000018944.tif,EPSG:4326,EPSG:32648,778183.9674981339,4346240.043719335,784583.9674981339,4352640.043719335,10.0,train,1,0
t01_Ordos_S2_MultiBand_2025-0000000000-0000018944_r18432_c01536,E:\260827YOLORUN\GEE_Export_2025\Ordos_S2_MultiBand_2025-0000000000-0000018944.tif,EPSG:4326,EPSG:32648,783303.9674981339,4346240.043719335,789703.9674981339,4352640.043719335,10.0,train,2,0
t01_Ordos_S2_MultiBand_2025-0000000000-0000018944_r18432_c05632,E:\260827YOLORUN\GEE_Export_2025\Ordos_S2_MultiBand_2025-0000000000-0000018944.tif,EPSG:4326,EPSG:32648,824263.9674981339,4346240.043719335,830663.9674981339,4352640.043719335,10.0,train,1,0
t01_Ordos_S2_MultiBand_2025-0000000000-0000018944_r18915_c01024,E:\260827YOLORUN\GEE_Export_2025\Ordos_S2_MultiBand_2025-0000000000-0000018944.tif,EPSG:4326,EPSG:32648,778183.9674981339,4341410.043719335,784583.9674981339,4347810.043719335,10.0,train,2,0
t01_Ordos_S2_MultiBand_2025-0000000000-0000018944_r18915_c01536,E:\260827YOLORUN\GEE_Export_2025\Ordos_S2_MultiBand_2025-0000000000-0000018944.tif,EPSG:4326,EPSG:32648,783303.9674981339,4341410.043719335,789703.9674981339,4347810.043719335,10.0,train,1,0
t01_Ordos_S2_MultiBand_2025-0000000000-0000018944_r18915_c02048,E:\260827YOLORUN\GEE_Export_2025\Ordos_S2_MultiBand_2025-0000000000-0000018944.tif,EPSG:4326,EPSG:32648,788423.9674981339,4341410.043719335,794823.9674981339,4347810.043719335,10.0,train,1,0
t01_Ordos_S2_MultiBand_2025-0000000000-0000018944_r18915_c12800,E:\260827YOLORUN\GEE_Export_2025\Ordos_S2_MultiBand_2025-0000000000-0000018944.tif,EPSG:4326,EPSG:32648,895943.9674981339,4341410.043719335,902343.967498134,4347810.043719335,10.0,val,1,0
t01_Ordos_S2_MultiBand_2025-0000000000-0000018944_r18915_c13312,E:\260827YOLORUN\GEE_Export_2025\Ordos_S2_MultiBand_2025-0000000000-0000018944.tif,EPSG:4326,EPSG:32648,901063.967498134,4341410.043719335,907463.967498134,4347810.043719335,10.0,val,1,0
t01_Ordos_S2_MultiBand_2025-0000000000-0000018944_r00000_c01536,E:\260827YOLORUN\GEE_Export_2025\Ordos_S2_MultiBand_2025-0000000000-0000018944.tif,EPSG:4326,EPSG:32648,783303.9674981339,4530560.043719335,789703.9674981339,4536960.043719335,10.0,train,0,1
t01_Ordos_S2_MultiBand_2025-0000000000-0000018944_r00000_c04096,E:\260827YOLORUN\GEE_Export_2025\Ordos_S2_MultiBand_2025-0000000000-0000018944.tif,EPSG:4326,EPSG:32648,808903.9674981339,4530560.043719335,815303.9674981339,4536960.043719335,10.0,train,0,1
t01_Ordos_S2_MultiBand_2025-0000000000-0000018944_r00000_c10752,E:\260827YOLORUN\GEE_Export_2025\Ordos_S2_MultiBand_2025-0000000000-0000018944.tif,EPSG:4326,EPSG:32648,875463.9674981339,4530560.043719335,881863.9674981339,4536960.043719335,10.0,val,0,1
t01_Ordos_S2_MultiBand_2025-0000000000-0000018944_r00000_c13312,E:\260827YOLORUN\GEE_Export_2025\Ordos_S2_MultiBand_2025-0000000000-0000018944.tif,EPSG:4326,EPSG:32648,901063.967498134,4530560.043719335,907463.967498134,4536960.043719335,10.0,val,0,1
t01_Ordos_S2_MultiBand_2025-0000000000-0000018944_r00512_c02048,E:\260827YOLORUN\GEE_Export_2025\Ordos_S2_MultiBand_2025-0000000000-0000018944.tif,EPSG:4326,EPSG:32648,788423.9674981339,4525440.043719335,794823.9674981339,4531840.043719335,10.0,train,0,1
t01_Ordos_S2_MultiBand_2025-0000000000-0000018944_r00512_c05632,E:\260827YOLORUN\GEE_Export_2025\Ordos_S2_MultiBand_2025-0000000000-0000018944.tif,EPSG:4326,EPSG:32648,824263.9674981339,4525440.043719335,830663.9674981339,4531840.043719335,10.0,train,0,1
t01_Ordos_S2_MultiBand_2025-0000000000-0000018944_r00512_c06144,E:\260827YOLORUN\GEE_Export_2025\Ordos_S2_MultiBand_2025-0000000000-0000018944.tif,EPSG:4326,EPSG:32648,829383.9674981339,4525440.043719335,835783.9674981339,4531840.043719335,10.0,DROPPED_BUFFER,0,1
t01_Ordos_S2_MultiBand_2025-0000000000-0000018944_r00512_c08704,E:\260827YOLORUN\GEE_Export_2025\Ordos_S2_MultiBand_2025-0000000000-0000018944.tif,EPSG:4326,EPSG:32648,854983.9674981339,4525440.043719335,861383.9674981339,4531840.043719335,10.0,val,0,1
t01_Ordos_S2_MultiBand_2025-0000000000-0000018944_r00512_c13824,E:\260827YOLORUN\GEE_Export_2025\Ordos_S2_MultiBand_2025-0000000000-0000018944.tif,EPSG:4326,EPSG:32648,906183.967498134,4525440.043719335,912583.967498134,4531840.043719335,10.0,val,0,1
t01_Ordos_S2_MultiBand_2025-0000000000-0000018944_r01024_c01536,E:\260827YOLORUN\GEE_Export_2025\Ordos_S2_MultiBand_2025-0000000000-0000018944.tif,EPSG:4326,EPSG:32648,783303.9674981339,4520320.043719335,789703.9674981339,4526720.043719335,10.0,train,0,1
t01_Ordos_S2_MultiBand_2025-0000000000-0000018944_r01024_c04608,E:\260827YOLORUN\GEE_Export_2025\Ordos_S2_MultiBand_2025-0000000000-0000018944.tif,EPSG:4326,EPSG:32648,814023.9674981339,4520320.043719335,820423.9674981339,4526720.043719335,10.0,train,0,1
t01_Ordos_S2_MultiBand_2025-0000000000-0000018944_r01024_c05120,E:\260827YOLORUN\GEE_Export_2025\Ordos_S2_MultiBand_2025-0000000000-0000018944.tif,EPSG:4326,EPSG:32648,819143.9674981339,4520320.043719335,825543.9674981339,4526720.043719335,10.0,train,0,1
t01_Ordos_S2_MultiBand_2025-0000000000-0000018944_r01024_c06144,E:\260827YOLORUN\GEE_Export_2025\Ordos_S2_MultiBand_2025-0000000000-0000018944.tif,EPSG:4326,EPSG:32648,829383.9674981339,4520320.043719335,835783.9674981339,4526720.043719335,10.0,DROPPED_BUFFER,0,1
t01_Ordos_S2_MultiBand_2025-0000000000-0000018944_r01024_c10752,E:\260827YOLORUN\GEE_Export_2025\Ordos_S2_MultiBand_2025-0000000000-0000018944.tif,EPSG:4326,EPSG:32648,875463.9674981339,4520320.043719335,881863.9674981339,4526720.043719335,10.0,val,0,1
t01_Ordos_S2_MultiBand_2025-0000000000-0000018944_r01536_c01536,E:\260827YOLORUN\GEE_Export_2025\Ordos_S2_MultiBand_2025-0000000000-0000018944.tif,EPSG:4326,EPSG:32648,783303.9674981339,4515200.043719335,789703.9674981339,4521600.043719335,10.0,train,0,1
t01_Ordos_S2_MultiBand_2025-0000000000-0000018944_r01536_c04608,E:\260827YOLORUN\GEE_Export_2025\Ordos_S2_MultiBand_2025-0000000000-0000018944.tif,EPSG:4326,EPSG:32648,814023.9674981339,4515200.043719335,820423.9674981339,4521600.043719335,10.0,train,0,1
t01_Ordos_S2_MultiBand_2025-0000000000-0000018944_r01536_c05632,E:\260827YOLORUN\GEE_Export_2025\Ordos_S2_MultiBand_2025-0000000000-0000018944.tif,EPSG:4326,EPSG:32648,824263.9674981339,4515200.043719335,830663.9674981339,4521600.043719335,10.0,train,0,1
t01_Ordos_S2_MultiBand_2025-0000000000-0000018944_r01536_c06144,E:\260827YOLORUN\GEE_Export_2025\Ordos_S2_MultiBand_2025-0000000000-0000018944.tif,EPSG:4326,EPSG:32648,829383.9674981339,4515200.043719335,835783.9674981339,4521600.043719335,10.0,DROPPED_BUFFER,0,1
t01_Ordos_S2_MultiBand_2025-0000000000-0000018944_r02048_c06656,E:\260827YOLORUN\GEE_Export_2025\Ordos_S2_MultiBand_2025-0000000000-0000018944.tif,EPSG:4326,EPSG:32648,834503.9674981339,4510080.043719335,840903.9674981339,4516480.043719335,10.0,val,0,1
t01_Ordos_S2_MultiBand_2025-0000000000-0000018944_r02048_c10752,E:\260827YOLORUN\GEE_Export_2025\Ordos_S2_MultiBand_2025-0000000000-0000018944.tif,EPSG:4326,EPSG:32648,875463.9674981339,4510080.043719335,881863.9674981339,4516480.043719335,10.0,val,0,1
t01_Ordos_S2_MultiBand_2025-0000000000-0000018944_r02048_c13824,E:\260827YOLORUN\GEE_Export_2025\Ordos_S2_MultiBand_2025-0000000000-0000018944.tif,EPSG:4326,EPSG:32648,906183.967498134,4510080.043719335,912583.967498134,4516480.043719335,10.0,val,0,1
t01_Ordos_S2_MultiBand_2025-0000000000-0000018944_r02560_c03072,E:\260827YOLORUN\GEE_Export_2025\Ordos_S2_MultiBand_2025-0000000000-0000018944.tif,EPSG:4326,EPSG:32648,798663.9674981339,4504960.043719335,805063.9674981339,4511360.043719335,10.0,train,0,1
t01_Ordos_S2_MultiBand_2025-0000000000-0000018944_r02560_c03584,E:\260827YOLORUN\GEE_Export_2025\Ordos_S2_MultiBand_2025-0000000000-0000018944.tif,EPSG:4326,EPSG:32648,803783.9674981339,4504960.043719335,810183.9674981339,4511360.043719335,10.0,train,0,1
t01_Ordos_S2_MultiBand_2025-0000000000-0000018944_r02560_c11776,E:\260827YOLORUN\GEE_Export_2025\Ordos_S2_MultiBand_2025-0000000000-0000018944.tif,EPSG:4326,EPSG:32648,885703.9674981339,4504960.043719335,892103.9674981339,4511360.043719335,10.0,val,0,1
t01_Ordos_S2_MultiBand_2025-0000000000-0000018944_r02560_c13312,E:\260827YOLORUN\GEE_Export_2025\Ordos_S2_MultiBand_2025-0000000000-0000018944.tif,EPSG:4326,EPSG:32648,901063.967498134,4504960.043719335,907463.967498134,4511360.043719335,10.0,val,0,1
t01_Ordos_S2_MultiBand_2025-0000000000-0000018944_r03072_c01024,E:\260827YOLORUN\GEE_Export_2025\Ordos_S2_MultiBand_2025-0000000000-0000018944.tif,EPSG:4326,EPSG:32648,778183.9674981339,4499840.043719335,784583.9674981339,4506240.043719335,10.0,train,0,1
t01_Ordos_S2_MultiBand_2025-0000000000-0000018944_r03072_c06144,E:\260827YOLORUN\GEE_Export_2025\Ordos_S2_MultiBand_2025-0000000000-0000018944.tif,EPSG:4326,EPSG:32648,829383.9674981339,4499840.043719335,835783.9674981339,4506240.043719335,10.0,DROPPED_BUFFER,0,1
t01_Ordos_S2_MultiBand_2025-0000000000-0000018944_r03072_c07168,E:\260827YOLORUN\GEE_Export_2025\Ordos_S2_MultiBand_2025-0000000000-0000018944.tif,EPSG:4326,EPSG:32648,839623.9674981339,4499840.043719335,846023.9674981339,4506240.043719335,10.0,val,0,1
t01_Ordos_S2_MultiBand_2025-0000000000-0000018944_r03072_c07680,E:\260827YOLORUN\GEE_Export_2025\Ordos_S2_MultiBand_2025-0000000000-0000018944.tif,EPSG:4326,EPSG:32648,844743.9674981339,4499840.043719335,851143.9674981339,4506240.043719335,10.0,val,0,1
t01_Ordos_S2_MultiBand_2025-0000000000-0000018944_r03072_c11776,E:\260827YOLORUN\GEE_Export_2025\Ordos_S2_MultiBand_2025-0000000000-0000018944.tif,EPSG:4326,EPSG:32648,885703.9674981339,4499840.043719335,892103.9674981339,4506240.043719335,10.0,val,0,1
t01_Ordos_S2_MultiBand_2025-0000000000-0000018944_r03072_c14742,E:\260827YOLORUN\GEE_Export_2025\Ordos_S2_MultiBand_2025-0000000000-0000018944.tif,EPSG:4326,EPSG:32648,915363.967498134,4499840.043719335,921763.967498134,4506240.043719335,10.0,val,0,1
t01_Ordos_S2_MultiBand_2025-0000000000-0000018944_r04096_c04096,E:\260827YOLORUN\GEE_Export_2025\Ordos_S2_MultiBand_2025-0000000000-0000018944.tif,EPSG:4326,EPSG:32648,808903.9674981339,4489600.043719335,815303.9674981339,4496000.043719335,10.0,train,0,1
t01_Ordos_S2_MultiBand_2025-0000000000-0000018944_r04096_c06144,E:\260827YOLORUN\GEE_Export_2025\Ordos_S2_MultiBand_2025-0000000000-0000018944.tif,EPSG:4326,EPSG:32648,829383.9674981339,4489600.043719335,835783.9674981339,4496000.043719335,10.0,DROPPED_BUFFER,0,1
t01_Ordos_S2_MultiBand_2025-0000000000-0000018944_r04096_c08192,E:\260827YOLORUN\GEE_Export_2025\Ordos_S2_MultiBand_2025-0000000000-0000018944.tif,EPSG:4326,EPSG:32648,849863.9674981339,4489600.043719335,856263.9674981339,4496000.043719335,10.0,val,0,1
t01_Ordos_S2_MultiBand_2025-0000000000-0000018944_r04096_c09216,E:\260827YOLORUN\GEE_Export_2025\Ordos_S2_MultiBand_2025-0000000000-0000018944.tif,EPSG:4326,EPSG:32648,860103.9674981339,4489600.043719335,866503.9674981339,4496000.043719335,10.0,val,0,1
t01_Ordos_S2_MultiBand_2025-0000000000-0000018944_r04608_c01536,E:\260827YOLORUN\GEE_Export_2025\Ordos_S2_MultiBand_2025-0000000000-0000018944.tif,EPSG:4326,EPSG:32648,783303.9674981339,4484480.043719335,789703.9674981339,4490880.043719335,10.0,train,0,1
t01_Ordos_S2_MultiBand_2025-0000000000-0000018944_r05120_c01024,E:\260827YOLORUN\GEE_Export_2025\Ordos_S2_MultiBand_2025-0000000000-0000018944.tif,EPSG:4326,EPSG:32648,778183.9674981339,4479360.043719335,784583.9674981339,4485760.043719335,10.0,train,0,1
t01_Ordos_S2_MultiBand_2025-0000000000-0000018944_r05120_c01536,E:\260827YOLORUN\GEE_Export_2025\Ordos_S2_MultiBand_2025-0000000000-0000018944.tif,EPSG:4326,EPSG:32648,783303.9674981339,4479360.043719335,789703.9674981339,4485760.043719335,10.0,train,0,1
t01_Ordos_S2_MultiBand_2025-0000000000-0000018944_r06144_c01536,E:\260827YOLORUN\GEE_Export_2025\Ordos_S2_MultiBand_2025-0000000000-0000018944.tif,EPSG:4326,EPSG:32648,783303.9674981339,4469120.043719335,789703.9674981339,4475520.043719335,10.0,train,0,1
t01_Ordos_S2_MultiBand_2025-0000000000-0000018944_r06144_c04608,E:\260827YOLORUN\GEE_Export_2025\Ordos_S2_MultiBand_2025-0000000000-0000018944.tif,EPSG:4326,EPSG:32648,814023.9674981339,4469120.043719335,820423.9674981339,4475520.043719335,10.0,train,0,1
t01_Ordos_S2_MultiBand_2025-0000000000-0000018944_r07168_c07680,E:\260827YOLORUN\GEE_Export_2025\Ordos_S2_MultiBand_2025-0000000000-0000018944.tif,EPSG:4326,EPSG:32648,844743.9674981339,4458880.043719335,851143.9674981339,4465280.043719335,10.0,val,0,1
t01_Ordos_S2_MultiBand_2025-0000000000-0000018944_r07168_c08192,E:\260827YOLORUN\GEE_Export_2025\Ordos_S2_MultiBand_2025-0000000000-0000018944.tif,EPSG:4326,EPSG:32648,849863.9674981339,4458880.043719335,856263.9674981339,4465280.043719335,10.0,val,0,1
t01_Ordos_S2_MultiBand_2025-0000000000-0000018944_r07168_c14336,E:\260827YOLORUN\GEE_Export_2025\Ordos_S2_MultiBand_2025-0000000000-0000018944.tif,EPSG:4326,EPSG:32648,911303.967498134,4458880.043719335,917703.967498134,4465280.043719335,10.0,val,0,1
t01_Ordos_S2_MultiBand_2025-0000000000-0000018944_r07680_c05120,E:\260827YOLORUN\GEE_Export_2025\Ordos_S2_MultiBand_2025-0000000000-0000018944.tif,EPSG:4326,EPSG:32648,819143.9674981339,4453760.043719335,825543.9674981339,4460160.043719335,10.0,train,0,1
t01_Ordos_S2_MultiBand_2025-0000000000-0000018944_r07680_c05632,E:\260827YOLORUN\GEE_Export_2025\Ordos_S2_MultiBand_2025-0000000000-0000018944.tif,EPSG:4326,EPSG:32648,824263.9674981339,4453760.043719335,830663.9674981339,4460160.043719335,10.0,train,0,1
t01_Ordos_S2_MultiBand_2025-0000000000-0000018944_r07680_c11264,E:\260827YOLORUN\GEE_Export_2025\Ordos_S2_MultiBand_2025-0000000000-0000018944.tif,EPSG:4326,EPSG:32648,880583.9674981339,4453760.043719335,886983.9674981339,4460160.043719335,10.0,val,0,1
t01_Ordos_S2_MultiBand_2025-0000000000-0000018944_r08192_c00512,E:\260827YOLORUN\GEE_Export_2025\Ordos_S2_MultiBand_2025-0000000000-0000018944.tif,EPSG:4326,EPSG:32648,773063.9674981339,4448640.043719335,779463.9674981339,4455040.043719335,10.0,train,0,1
t01_Ordos_S2_MultiBand_2025-0000000000-0000018944_r08192_c06144,E:\260827YOLORUN\GEE_Export_2025\Ordos_S2_MultiBand_2025-0000000000-0000018944.tif,EPSG:4326,EPSG:32648,829383.9674981339,4448640.043719335,835783.9674981339,4455040.043719335,10.0,DROPPED_BUFFER,0,1
t01_Ordos_S2_MultiBand_2025-0000000000-0000018944_r08192_c07168,E:\260827YOLORUN\GEE_Export_2025\Ordos_S2_MultiBand_2025-0000000000-0000018944.tif,EPSG:4326,EPSG:32648,839623.9674981339,4448640.043719335,846023.9674981339,4455040.043719335,10.0,val,0,1
t01_Ordos_S2_MultiBand_2025-0000000000-0000018944_r08192_c12288,E:\260827YOLORUN\GEE_Export_2025\Ordos_S2_MultiBand_2025-0000000000-0000018944.tif,EPSG:4326,EPSG:32648,890823.9674981339,4448640.043719335,897223.9674981339,4455040.043719335,10.0,val,0,1
t01_Ordos_S2_MultiBand_2025-0000000000-0000018944_r08704_c01024,E:\260827YOLORUN\GEE_Export_2025\Ordos_S2_MultiBand_2025-0000000000-0000018944.tif,EPSG:4326,EPSG:32648,778183.9674981339,4443520.043719335,784583.9674981339,4449920.043719335,10.0,train,0,1
t01_Ordos_S2_MultiBand_2025-0000000000-0000018944_r08704_c05632,E:\260827YOLORUN\GEE_Export_2025\Ordos_S2_MultiBand_2025-0000000000-0000018944.tif,EPSG:4326,EPSG:32648,824263.9674981339,4443520.043719335,830663.9674981339,4449920.043719335,10.0,train,0,1
t01_Ordos_S2_MultiBand_2025-0000000000-0000018944_r08704_c07680,E:\260827YOLORUN\GEE_Export_2025\Ordos_S2_MultiBand_2025-0000000000-0000018944.tif,EPSG:4326,EPSG:32648,844743.9674981339,4443520.043719335,851143.9674981339,4449920.043719335,10.0,val,0,1
t01_Ordos_S2_MultiBand_2025-0000000000-0000018944_r08704_c08704,E:\260827YOLORUN\GEE_Export_2025\Ordos_S2_MultiBand_2025-0000000000-0000018944.tif,EPSG:4326,EPSG:32648,854983.9674981339,4443520.043719335,861383.9674981339,4449920.043719335,10.0,val,0,1
t01_Ordos_S2_MultiBand_2025-0000000000-0000018944_r09216_c06144,E:\260827YOLORUN\GEE_Export_2025\Ordos_S2_MultiBand_2025-0000000000-0000018944.tif,EPSG:4326,EPSG:32648,829383.9674981339,4438400.043719335,835783.9674981339,4444800.043719335,10.0,DROPPED_BUFFER,0,1
t01_Ordos_S2_MultiBand_2025-0000000000-0000018944_r09216_c08704,E:\260827YOLORUN\GEE_Export_2025\Ordos_S2_MultiBand_2025-0000000000-0000018944.tif,EPSG:4326,EPSG:32648,854983.9674981339,4438400.043719335,861383.9674981339,4444800.043719335,10.0,val,0,1
t01_Ordos_S2_MultiBand_2025-0000000000-0000018944_r09216_c12288,E:\260827YOLORUN\GEE_Export_2025\Ordos_S2_MultiBand_2025-0000000000-0000018944.tif,EPSG:4326,EPSG:32648,890823.9674981339,4438400.043719335,897223.9674981339,4444800.043719335,10.0,val,0,1
t01_Ordos_S2_MultiBand_2025-0000000000-0000018944_r09728_c00512,E:\260827YOLORUN\GEE_Export_2025\Ordos_S2_MultiBand_2025-0000000000-0000018944.tif,EPSG:4326,EPSG:32648,773063.9674981339,4433280.043719335,779463.9674981339,4439680.043719335,10.0,train,0,1
t01_Ordos_S2_MultiBand_2025-0000000000-0000018944_r09728_c05120,E:\260827YOLORUN\GEE_Export_2025\Ordos_S2_MultiBand_2025-0000000000-0000018944.tif,EPSG:4326,EPSG:32648,819143.9674981339,4433280.043719335,825543.9674981339,4439680.043719335,10.0,train,0,1
t01_Ordos_S2_MultiBand_2025-0000000000-0000018944_r09728_c05632,E:\260827YOLORUN\GEE_Export_2025\Ordos_S2_MultiBand_2025-0000000000-0000018944.tif,EPSG:4326,EPSG:32648,824263.9674981339,4433280.043719335,830663.9674981339,4439680.043719335,10.0,train,0,1
t01_Ordos_S2_MultiBand_2025-0000000000-0000018944_r10240_c06656,E:\260827YOLORUN\GEE_Export_2025\Ordos_S2_MultiBand_2025-0000000000-0000018944.tif,EPSG:4326,EPSG:32648,834503.9674981339,4428160.043719335,840903.9674981339,4434560.043719335,10.0,val,0,1
t01_Ordos_S2_MultiBand_2025-0000000000-0000018944_r10240_c09216,E:\260827YOLORUN\GEE_Export_2025\Ordos_S2_MultiBand_2025-0000000000-0000018944.tif,EPSG:4326,EPSG:32648,860103.9674981339,4428160.043719335,866503.9674981339,4434560.043719335,10.0,val,0,1
t01_Ordos_S2_MultiBand_2025-0000000000-0000018944_r10752_c00512,E:\260827YOLORUN\GEE_Export_2025\Ordos_S2_MultiBand_2025-0000000000-0000018944.tif,EPSG:4326,EPSG:32648,773063.9674981339,4423040.043719335,779463.9674981339,4429440.043719335,10.0,train,0,1
t01_Ordos_S2_MultiBand_2025-0000000000-0000018944_r10752_c04608,E:\260827YOLORUN\GEE_Export_2025\Ordos_S2_MultiBand_2025-0000000000-0000018944.tif,EPSG:4326,EPSG:32648,814023.9674981339,4423040.043719335,820423.9674981339,4429440.043719335,10.0,train,0,1
t01_Ordos_S2_MultiBand_2025-0000000000-0000018944_r10752_c08192,E:\260827YOLORUN\GEE_Export_2025\Ordos_S2_MultiBand_2025-0000000000-0000018944.tif,EPSG:4326,EPSG:32648,849863.9674981339,4423040.043719335,856263.9674981339,4429440.043719335,10.0,val,0,1
t01_Ordos_S2_MultiBand_2025-0000000000-0000018944_r10752_c14742,E:\260827YOLORUN\GEE_Export_2025\Ordos_S2_MultiBand_2025-0000000000-0000018944.tif,EPSG:4326,EPSG:32648,915363.967498134,4423040.043719335,921763.967498134,4429440.043719335,10.0,val,0,1
t01_Ordos_S2_MultiBand_2025-0000000000-0000018944_r11264_c12800,E:\260827YOLORUN\GEE_Export_2025\Ordos_S2_MultiBand_2025-0000000000-0000018944.tif,EPSG:4326,EPSG:32648,895943.9674981339,4417920.043719335,902343.967498134,4424320.043719335,10.0,val,0,1
t01_Ordos_S2_MultiBand_2025-0000000000-0000018944_r11264_c13312,E:\260827YOLORUN\GEE_Export_2025\Ordos_S2_MultiBand_2025-0000000000-0000018944.tif,EPSG:4326,EPSG:32648,901063.967498134,4417920.043719335,907463.967498134,4424320.043719335,10.0,val,0,1
t01_Ordos_S2_MultiBand_2025-0000000000-0000018944_r11776_c05632,E:\260827YOLORUN\GEE_Export_2025\Ordos_S2_MultiBand_2025-0000000000-0000018944.tif,EPSG:4326,EPSG:32648,824263.9674981339,4412800.043719335,830663.9674981339,4419200.043719335,10.0,train,0,1
t01_Ordos_S2_MultiBand_2025-0000000000-0000018944_r11776_c06144,E:\260827YOLORUN\GEE_Export_2025\Ordos_S2_MultiBand_2025-0000000000-0000018944.tif,EPSG:4326,EPSG:32648,829383.9674981339,4412800.043719335,835783.9674981339,4419200.043719335,10.0,DROPPED_BUFFER,0,1
t01_Ordos_S2_MultiBand_2025-0000000000-0000018944_r11776_c14742,E:\260827YOLORUN\GEE_Export_2025\Ordos_S2_MultiBand_2025-0000000000-0000018944.tif,EPSG:4326,EPSG:32648,915363.967498134,4412800.043719335,921763.967498134,4419200.043719335,10.0,val,0,1
t01_Ordos_S2_MultiBand_2025-0000000000-0000018944_r12288_c07168,E:\260827YOLORUN\GEE_Export_2025\Ordos_S2_MultiBand_2025-0000000000-0000018944.tif,EPSG:4326,EPSG:32648,839623.9674981339,4407680.043719335,846023.9674981339,4414080.043719335,10.0,val,0,1
t01_Ordos_S2_MultiBand_2025-0000000000-0000018944_r12288_c10240,E:\260827YOLORUN\GEE_Export_2025\Ordos_S2_MultiBand_2025-0000000000-0000018944.tif,EPSG:4326,EPSG:32648,870343.9674981339,4407680.043719335,876743.9674981339,4414080.043719335,10.0,val,0,1
t01_Ordos_S2_MultiBand_2025-0000000000-0000018944_r12800_c03072,E:\260827YOLORUN\GEE_Export_2025\Ordos_S2_MultiBand_2025-0000000000-0000018944.tif,EPSG:4326,EPSG:32648,798663.9674981339,4402560.043719335,805063.9674981339,4408960.043719335,10.0,train,0,1
t01_Ordos_S2_MultiBand_2025-0000000000-0000018944_r12800_c11264,E:\260827YOLORUN\GEE_Export_2025\Ordos_S2_MultiBand_2025-0000000000-0000018944.tif,EPSG:4326,EPSG:32648,880583.9674981339,4402560.043719335,886983.9674981339,4408960.043719335,10.0,val,0,1
t01_Ordos_S2_MultiBand_2025-0000000000-0000018944_r13312_c09728,E:\260827YOLORUN\GEE_Export_2025\Ordos_S2_MultiBand_2025-0000000000-0000018944.tif,EPSG:4326,EPSG:32648,865223.9674981339,4397440.043719335,871623.9674981339,4403840.043719335,10.0,val,0,1
t01_Ordos_S2_MultiBand_2025-0000000000-0000018944_r13824_c01536,E:\260827YOLORUN\GEE_Export_2025\Ordos_S2_MultiBand_2025-0000000000-0000018944.tif,EPSG:4326,EPSG:32648,783303.9674981339,4392320.043719335,789703.9674981339,4398720.043719335,10.0,train,0,1
t01_Ordos_S2_MultiBand_2025-0000000000-0000018944_r13824_c03072,E:\260827YOLORUN\GEE_Export_2025\Ordos_S2_MultiBand_2025-0000000000-0000018944.tif,EPSG:4326,EPSG:32648,798663.9674981339,4392320.043719335,805063.9674981339,4398720.043719335,10.0,train,0,1
t01_Ordos_S2_MultiBand_2025-0000000000-0000018944_r13824_c07680,E:\260827YOLORUN\GEE_Export_2025\Ordos_S2_MultiBand_2025-0000000000-0000018944.tif,EPSG:4326,EPSG:32648,844743.9674981339,4392320.043719335,851143.9674981339,4398720.043719335,10.0,val,0,1
t01_Ordos_S2_MultiBand_2025-0000000000-0000018944_r14848_c05120,E:\260827YOLORUN\GEE_Export_2025\Ordos_S2_MultiBand_2025-0000000000-0000018944.tif,EPSG:4326,EPSG:32648,819143.9674981339,4382080.043719335,825543.9674981339,4388480.043719335,10.0,train,0,1
t01_Ordos_S2_MultiBand_2025-0000000000-0000018944_r14848_c07680,E:\260827YOLORUN\GEE_Export_2025\Ordos_S2_MultiBand_2025-0000000000-0000018944.tif,EPSG:4326,EPSG:32648,844743.9674981339,4382080.043719335,851143.9674981339,4388480.043719335,10.0,val,0,1
t01_Ordos_S2_MultiBand_2025-0000000000-0000018944_r14848_c13824,E:\260827YOLORUN\GEE_Export_2025\Ordos_S2_MultiBand_2025-0000000000-0000018944.tif,EPSG:4326,EPSG:32648,906183.967498134,4382080.043719335,912583.967498134,4388480.043719335,10.0,val,0,1
t01_Ordos_S2_MultiBand_2025-0000000000-0000018944_r15360_c07680,E:\260827YOLORUN\GEE_Export_2025\Ordos_S2_MultiBand_2025-0000000000-0000018944.tif,EPSG:4326,EPSG:32648,844743.9674981339,4376960.043719335,851143.9674981339,4383360.043719335,10.0,val,0,1
t01_Ordos_S2_MultiBand_2025-0000000000-0000018944_r15872_c06656,E:\260827YOLORUN\GEE_Export_2025\Ordos_S2_MultiBand_2025-0000000000-0000018944.tif,EPSG:4326,EPSG:32648,834503.9674981339,4371840.043719335,840903.9674981339,4378240.043719335,10.0,val,0,1
t01_Ordos_S2_MultiBand_2025-0000000000-0000018944_r15872_c13312,E:\260827YOLORUN\GEE_Export_2025\Ordos_S2_MultiBand_2025-0000000000-0000018944.tif,EPSG:4326,EPSG:32648,901063.967498134,4371840.043719335,907463.967498134,4378240.043719335,10.0,val,0,1
t01_Ordos_S2_MultiBand_2025-0000000000-0000018944_r15872_c14742,E:\260827YOLORUN\GEE_Export_2025\Ordos_S2_MultiBand_2025-0000000000-0000018944.tif,EPSG:4326,EPSG:32648,915363.967498134,4371840.043719335,921763.967498134,4378240.043719335,10.0,val,0,1
t01_Ordos_S2_MultiBand_2025-0000000000-0000018944_r16384_c13824,E:\260827YOLORUN\GEE_Export_2025\Ordos_S2_MultiBand_2025-0000000000-0000018944.tif,EPSG:4326,EPSG:32648,906183.967498134,4366720.043719335,912583.967498134,4373120.043719335,10.0,val,0,1
t01_Ordos_S2_MultiBand_2025-0000000000-0000018944_r16896_c00000,E:\260827YOLORUN\GEE_Export_2025\Ordos_S2_MultiBand_2025-0000000000-0000018944.tif,EPSG:4326,EPSG:32648,767943.9674981339,4361600.043719335,774343.9674981339,4368000.043719335,10.0,train,0,1
t01_Ordos_S2_MultiBand_2025-0000000000-0000018944_r16896_c01024,E:\260827YOLORUN\GEE_Export_2025\Ordos_S2_MultiBand_2025-0000000000-0000018944.tif,EPSG:4326,EPSG:32648,778183.9674981339,4361600.043719335,784583.9674981339,4368000.043719335,10.0,train,0,1
t01_Ordos_S2_MultiBand_2025-0000000000-0000018944_r16896_c06144,E:\260827YOLORUN\GEE_Export_2025\Ordos_S2_MultiBand_2025-0000000000-0000018944.tif,EPSG:4326,EPSG:32648,829383.9674981339,4361600.043719335,835783.9674981339,4368000.043719335,10.0,DROPPED_BUFFER,0,1
t01_Ordos_S2_MultiBand_2025-0000000000-0000018944_r16896_c09216,E:\260827YOLORUN\GEE_Export_2025\Ordos_S2_MultiBand_2025-0000000000-0000018944.tif,EPSG:4326,EPSG:32648,860103.9674981339,4361600.043719335,866503.9674981339,4368000.043719335,10.0,val,0,1
t01_Ordos_S2_MultiBand_2025-0000000000-0000018944_r16896_c13312,E:\260827YOLORUN\GEE_Export_2025\Ordos_S2_MultiBand_2025-0000000000-0000018944.tif,EPSG:4326,EPSG:32648,901063.967498134,4361600.043719335,907463.967498134,4368000.043719335,10.0,val,0,1
t01_Ordos_S2_MultiBand_2025-0000000000-0000018944_r16896_c14336,E:\260827YOLORUN\GEE_Export_2025\Ordos_S2_MultiBand_2025-0000000000-0000018944.tif,EPSG:4326,EPSG:32648,911303.967498134,4361600.043719335,917703.967498134,4368000.043719335,10.0,val,0,1
t01_Ordos_S2_MultiBand_2025-0000000000-0000018944_r17408_c00512,E:\260827YOLORUN\GEE_Export_2025\Ordos_S2_MultiBand_2025-0000000000-0000018944.tif,EPSG:4326,EPSG:32648,773063.9674981339,4356480.043719335,779463.9674981339,4362880.043719335,10.0,train,0,1
t01_Ordos_S2_MultiBand_2025-0000000000-0000018944_r17408_c01536,E:\260827YOLORUN\GEE_Export_2025\Ordos_S2_MultiBand_2025-0000000000-0000018944.tif,EPSG:4326,EPSG:32648,783303.9674981339,4356480.043719335,789703.9674981339,4362880.043719335,10.0,train,0,1
t01_Ordos_S2_MultiBand_2025-0000000000-0000018944_r17408_c12800,E:\260827YOLORUN\GEE_Export_2025\Ordos_S2_MultiBand_2025-0000000000-0000018944.tif,EPSG:4326,EPSG:32648,895943.9674981339,4356480.043719335,902343.967498134,4362880.043719335,10.0,val,0,1
t01_Ordos_S2_MultiBand_2025-0000000000-0000018944_r17408_c13312,E:\260827YOLORUN\GEE_Export_2025\Ordos_S2_MultiBand_2025-0000000000-0000018944.tif,EPSG:4326,EPSG:32648,901063.967498134,4356480.043719335,907463.967498134,4362880.043719335,10.0,val,0,1
t01_Ordos_S2_MultiBand_2025-0000000000-0000018944_r17920_c07168,E:\260827YOLORUN\GEE_Export_2025\Ordos_S2_MultiBand_2025-0000000000-0000018944.tif,EPSG:4326,EPSG:32648,839623.9674981339,4351360.043719335,846023.9674981339,4357760.043719335,10.0,val,0,1
t01_Ordos_S2_MultiBand_2025-0000000000-0000018944_r17920_c08704,E:\260827YOLORUN\GEE_Export_2025\Ordos_S2_MultiBand_2025-0000000000-0000018944.tif,EPSG:4326,EPSG:32648,854983.9674981339,4351360.043719335,861383.9674981339,4357760.043719335,10.0,val,0,1
t01_Ordos_S2_MultiBand_2025-0000000000-0000018944_r17920_c10240,E:\260827YOLORUN\GEE_Export_2025\Ordos_S2_MultiBand_2025-0000000000-0000018944.tif,EPSG:4326,EPSG:32648,870343.9674981339,4351360.043719335,876743.9674981339,4357760.043719335,10.0,val,0,1
t01_Ordos_S2_MultiBand_2025-0000000000-0000018944_r17920_c13312,E:\260827YOLORUN\GEE_Export_2025\Ordos_S2_MultiBand_2025-0000000000-0000018944.tif,EPSG:4326,EPSG:32648,901063.967498134,4351360.043719335,907463.967498134,4357760.043719335,10.0,val,0,1
t01_Ordos_S2_MultiBand_2025-0000000000-0000018944_r18432_c07680,E:\260827YOLORUN\GEE_Export_2025\Ordos_S2_MultiBand_2025-0000000000-0000018944.tif,EPSG:4326,EPSG:32648,844743.9674981339,4346240.043719335,851143.9674981339,4352640.043719335,10.0,val,0,1
t01_Ordos_S2_MultiBand_2025-0000000000-0000018944_r18915_c10240,E:\260827YOLORUN\GEE_Export_2025\Ordos_S2_MultiBand_2025-0000000000-0000018944.tif,EPSG:4326,EPSG:32648,870343.9674981339,4341410.043719335,876743.9674981339,4347810.043719335,10.0,val,0,1
t02_Ordos_S2_MultiBand_2025-0000000000-0000037888_r05632_c00000,E:\260827YOLORUN\GEE_Export_2025\Ordos_S2_MultiBand_2025-0000000000-0000037888.tif,EPSG:4326,EPSG:32648,911375.7771980222,4482857.445464015,917775.7771980222,4489257.445464015,10.0,val,11,0
t02_Ordos_S2_MultiBand_2025-0000000000-0000037888_r06144_c04608,E:\260827YOLORUN\GEE_Export_2025\Ordos_S2_MultiBand_2025-0000000000-0000037888.tif,EPSG:4326,EPSG:32648,957455.7771980222,4477737.445464015,963855.7771980222,4484137.445464015,10.0,test,1,0
t02_Ordos_S2_MultiBand_2025-0000000000-0000037888_r06656_c00000,E:\260827YOLORUN\GEE_Export_2025\Ordos_S2_MultiBand_2025-0000000000-0000037888.tif,EPSG:4326,EPSG:32648,911375.7771980222,4472617.445464015,917775.7771980222,4479017.445464015,10.0,val,4,0
t02_Ordos_S2_MultiBand_2025-0000000000-0000037888_r06656_c05120,E:\260827YOLORUN\GEE_Export_2025\Ordos_S2_MultiBand_2025-0000000000-0000037888.tif,EPSG:4326,EPSG:32648,962575.7771980222,4472617.445464015,968975.7771980222,4479017.445464015,10.0,test,18,0
t02_Ordos_S2_MultiBand_2025-0000000000-0000037888_r07168_c00000,E:\260827YOLORUN\GEE_Export_2025\Ordos_S2_MultiBand_2025-0000000000-0000037888.tif,EPSG:4326,EPSG:32648,911375.7771980222,4467497.445464015,917775.7771980222,4473897.445464015,10.0,val,1,0
t02_Ordos_S2_MultiBand_2025-0000000000-0000037888_r07168_c00512,E:\260827YOLORUN\GEE_Export_2025\Ordos_S2_MultiBand_2025-0000000000-0000037888.tif,EPSG:4326,EPSG:32648,916495.7771980222,4467497.445464015,922895.7771980222,4473897.445464015,10.0,val,1,0
t02_Ordos_S2_MultiBand_2025-0000000000-0000037888_r07168_c04096,E:\260827YOLORUN\GEE_Export_2025\Ordos_S2_MultiBand_2025-0000000000-0000037888.tif,EPSG:4326,EPSG:32648,952335.7771980222,4467497.445464015,958735.7771980222,4473897.445464015,10.0,test,4,0
t02_Ordos_S2_MultiBand_2025-0000000000-0000037888_r07168_c05632,E:\260827YOLORUN\GEE_Export_2025\Ordos_S2_MultiBand_2025-0000000000-0000037888.tif,EPSG:4326,EPSG:32648,967695.7771980222,4467497.445464015,974095.7771980222,4473897.445464015,10.0,test,3,0
t02_Ordos_S2_MultiBand_2025-0000000000-0000037888_r07680_c02560,E:\260827YOLORUN\GEE_Export_2025\Ordos_S2_MultiBand_2025-0000000000-0000037888.tif,EPSG:4326,EPSG:32648,936975.7771980222,4462377.445464015,943375.7771980222,4468777.445464015,10.0,DROPPED_BUFFER,1,0
t02_Ordos_S2_MultiBand_2025-0000000000-0000037888_r07680_c04096,E:\260827YOLORUN\GEE_Export_2025\Ordos_S2_MultiBand_2025-0000000000-0000037888.tif,EPSG:4326,EPSG:32648,952335.7771980222,4462377.445464015,958735.7771980222,4468777.445464015,10.0,test,1,0
t02_Ordos_S2_MultiBand_2025-0000000000-0000037888_r07680_c04608,E:\260827YOLORUN\GEE_Export_2025\Ordos_S2_MultiBand_2025-0000000000-0000037888.tif,EPSG:4326,EPSG:32648,957455.7771980222,4462377.445464015,963855.7771980222,4468777.445464015,10.0,test,3,0
t02_Ordos_S2_MultiBand_2025-0000000000-0000037888_r07680_c05120,E:\260827YOLORUN\GEE_Export_2025\Ordos_S2_MultiBand_2025-0000000000-0000037888.tif,EPSG:4326,EPSG:32648,962575.7771980222,4462377.445464015,968975.7771980222,4468777.445464015,10.0,test,1,0
t02_Ordos_S2_MultiBand_2025-0000000000-0000037888_r07680_c10240,E:\260827YOLORUN\GEE_Export_2025\Ordos_S2_MultiBand_2025-0000000000-0000037888.tif,EPSG:4326,EPSG:32648,1013775.7771980222,4462377.445464015,1020175.7771980222,4468777.445464015,10.0,test,2,0
t02_Ordos_S2_MultiBand_2025-0000000000-0000037888_r07680_c10752,E:\260827YOLORUN\GEE_Export_2025\Ordos_S2_MultiBand_2025-0000000000-0000037888.tif,EPSG:4326,EPSG:32648,1018895.7771980222,4462377.445464015,1025295.7771980222,4468777.445464015,10.0,test,3,0
t02_Ordos_S2_MultiBand_2025-0000000000-0000037888_r08192_c06144,E:\260827YOLORUN\GEE_Export_2025\Ordos_S2_MultiBand_2025-0000000000-0000037888.tif,EPSG:4326,EPSG:32648,972815.7771980222,4457257.445464015,979215.7771980222,4463657.445464015,10.0,test,18,0
t02_Ordos_S2_MultiBand_2025-0000000000-0000037888_r08192_c06656,E:\260827YOLORUN\GEE_Export_2025\Ordos_S2_MultiBand_2025-0000000000-0000037888.tif,EPSG:4326,EPSG:32648,977935.7771980222,4457257.445464015,984335.7771980222,4463657.445464015,10.0,test,24,0
t02_Ordos_S2_MultiBand_2025-0000000000-0000037888_r08192_c07680,E:\260827YOLORUN\GEE_Export_2025\Ordos_S2_MultiBand_2025-0000000000-0000037888.tif,EPSG:4326,EPSG:32648,988175.7771980222,4457257.445464015,994575.7771980222,4463657.445464015,10.0,test,3,0
t02_Ordos_S2_MultiBand_2025-0000000000-0000037888_r00000_c03584,E:\260827YOLORUN\GEE_Export_2025\Ordos_S2_MultiBand_2025-0000000000-0000037888.tif,EPSG:4326,EPSG:32648,947215.7771980222,4539177.445464015,953615.7771980222,4545577.445464015,10.0,test,0,1
t02_Ordos_S2_MultiBand_2025-0000000000-0000037888_r00000_c12800,E:\260827YOLORUN\GEE_Export_2025\Ordos_S2_MultiBand_2025-0000000000-0000037888.tif,EPSG:4326,EPSG:32648,1039375.7771980222,4539177.445464015,1045775.7771980222,4545577.445464015,10.0,test,0,1
t02_Ordos_S2_MultiBand_2025-0000000000-0000037888_r01024_c00512,E:\260827YOLORUN\GEE_Export_2025\Ordos_S2_MultiBand_2025-0000000000-0000037888.tif,EPSG:4326,EPSG:32648,916495.7771980222,4528937.445464015,922895.7771980222,4535337.445464015,10.0,val,0,1
t02_Ordos_S2_MultiBand_2025-0000000000-0000037888_r01024_c01024,E:\260827YOLORUN\GEE_Export_2025\Ordos_S2_MultiBand_2025-0000000000-0000037888.tif,EPSG:4326,EPSG:32648,921615.7771980222,4528937.445464015,928015.7771980222,4535337.445464015,10.0,val,0,1
t02_Ordos_S2_MultiBand_2025-0000000000-0000037888_r01024_c05632,E:\260827YOLORUN\GEE_Export_2025\Ordos_S2_MultiBand_2025-0000000000-0000037888.tif,EPSG:4326,EPSG:32648,967695.7771980222,4528937.445464015,974095.7771980222,4535337.445464015,10.0,test,0,1
t02_Ordos_S2_MultiBand_2025-0000000000-0000037888_r01024_c09728,E:\260827YOLORUN\GEE_Export_2025\Ordos_S2_MultiBand_2025-0000000000-0000037888.tif,EPSG:4326,EPSG:32648,1008655.7771980222,4528937.445464015,1015055.7771980222,4535337.445464015,10.0,test,0,1
t02_Ordos_S2_MultiBand_2025-0000000000-0000037888_r01024_c10752,E:\260827YOLORUN\GEE_Export_2025\Ordos_S2_MultiBand_2025-0000000000-0000037888.tif,EPSG:4326,EPSG:32648,1018895.7771980222,4528937.445464015,1025295.7771980222,4535337.445464015,10.0,test,0,1
t02_Ordos_S2_MultiBand_2025-0000000000-0000037888_r01024_c12800,E:\260827YOLORUN\GEE_Export_2025\Ordos_S2_MultiBand_2025-0000000000-0000037888.tif,EPSG:4326,EPSG:32648,1039375.7771980222,4528937.445464015,1045775.7771980222,4535337.445464015,10.0,test,0,1
t02_Ordos_S2_MultiBand_2025-0000000000-0000037888_r01536_c01024,E:\260827YOLORUN\GEE_Export_2025\Ordos_S2_MultiBand_2025-0000000000-0000037888.tif,EPSG:4326,EPSG:32648,921615.7771980222,4523817.445464015,928015.7771980222,4530217.445464015,10.0,val,0,1
t02_Ordos_S2_MultiBand_2025-0000000000-0000037888_r01536_c09728,E:\260827YOLORUN\GEE_Export_2025\Ordos_S2_MultiBand_2025-0000000000-0000037888.tif,EPSG:4326,EPSG:32648,1008655.7771980222,4523817.445464015,1015055.7771980222,4530217.445464015,10.0,test,0,1
t02_Ordos_S2_MultiBand_2025-0000000000-0000037888_r01536_c11264,E:\260827YOLORUN\GEE_Export_2025\Ordos_S2_MultiBand_2025-0000000000-0000037888.tif,EPSG:4326,EPSG:32648,1024015.7771980222,4523817.445464015,1030415.7771980222,4530217.445464015,10.0,test,0,1
t02_Ordos_S2_MultiBand_2025-0000000000-0000037888_r01536_c11776,E:\260827YOLORUN\GEE_Export_2025\Ordos_S2_MultiBand_2025-0000000000-0000037888.tif,EPSG:4326,EPSG:32648,1029135.7771980222,4523817.445464015,1035535.7771980222,4530217.445464015,10.0,test,0,1
t02_Ordos_S2_MultiBand_2025-0000000000-0000037888_r02048_c00512,E:\260827YOLORUN\GEE_Export_2025\Ordos_S2_MultiBand_2025-0000000000-0000037888.tif,EPSG:4326,EPSG:32648,916495.7771980222,4518697.445464015,922895.7771980222,4525097.445464015,10.0,val,0,1
t02_Ordos_S2_MultiBand_2025-0000000000-0000037888_r02048_c01536,E:\260827YOLORUN\GEE_Export_2025\Ordos_S2_MultiBand_2025-0000000000-0000037888.tif,EPSG:4326,EPSG:32648,926735.7771980222,4518697.445464015,933135.7771980222,4525097.445464015,10.0,val,0,1
t02_Ordos_S2_MultiBand_2025-0000000000-0000037888_r02048_c04096,E:\260827YOLORUN\GEE_Export_2025\Ordos_S2_MultiBand_2025-0000000000-0000037888.tif,EPSG:4326,EPSG:32648,952335.7771980222,4518697.445464015,958735.7771980222,4525097.445464015,10.0,test,0,1
t02_Ordos_S2_MultiBand_2025-0000000000-0000037888_r02048_c04608,E:\260827YOLORUN\GEE_Export_2025\Ordos_S2_MultiBand_2025-0000000000-0000037888.tif,EPSG:4326,EPSG:32648,957455.7771980222,4518697.445464015,963855.7771980222,4525097.445464015,10.0,test,0,1
t02_Ordos_S2_MultiBand_2025-0000000000-0000037888_r02048_c06656,E:\260827YOLORUN\GEE_Export_2025\Ordos_S2_MultiBand_2025-0000000000-0000037888.tif,EPSG:4326,EPSG:32648,977935.7771980222,4518697.445464015,984335.7771980222,4525097.445464015,10.0,test,0,1
t02_Ordos_S2_MultiBand_2025-0000000000-0000037888_r02048_c10752,E:\260827YOLORUN\GEE_Export_2025\Ordos_S2_MultiBand_2025-0000000000-0000037888.tif,EPSG:4326,EPSG:32648,1018895.7771980222,4518697.445464015,1025295.7771980222,4525097.445464015,10.0,test,0,1
t02_Ordos_S2_MultiBand_2025-0000000000-0000037888_r02560_c02560,E:\260827YOLORUN\GEE_Export_2025\Ordos_S2_MultiBand_2025-0000000000-0000037888.tif,EPSG:4326,EPSG:32648,936975.7771980222,4513577.445464015,943375.7771980222,4519977.445464015,10.0,DROPPED_BUFFER,0,1
t02_Ordos_S2_MultiBand_2025-0000000000-0000037888_r02560_c06656,E:\260827YOLORUN\GEE_Export_2025\Ordos_S2_MultiBand_2025-0000000000-0000037888.tif,EPSG:4326,EPSG:32648,977935.7771980222,4513577.445464015,984335.7771980222,4519977.445464015,10.0,test,0,1
t02_Ordos_S2_MultiBand_2025-0000000000-0000037888_r02560_c11264,E:\260827YOLORUN\GEE_Export_2025\Ordos_S2_MultiBand_2025-0000000000-0000037888.tif,EPSG:4326,EPSG:32648,1024015.7771980222,4513577.445464015,1030415.7771980222,4519977.445464015,10.0,test,0,1
t02_Ordos_S2_MultiBand_2025-0000000000-0000037888_r02560_c13312,E:\260827YOLORUN\GEE_Export_2025\Ordos_S2_MultiBand_2025-0000000000-0000037888.tif,EPSG:4326,EPSG:32648,1044495.7771980222,4513577.445464015,1050895.7771980222,4519977.445464015,10.0,test,0,1
t02_Ordos_S2_MultiBand_2025-0000000000-0000037888_r03072_c02048,E:\260827YOLORUN\GEE_Export_2025\Ordos_S2_MultiBand_2025-0000000000-0000037888.tif,EPSG:4326,EPSG:32648,931855.7771980222,4508457.445464015,938255.7771980222,4514857.445464015,10.0,val,0,1
t02_Ordos_S2_MultiBand_2025-0000000000-0000037888_r03072_c06656,E:\260827YOLORUN\GEE_Export_2025\Ordos_S2_MultiBand_2025-0000000000-0000037888.tif,EPSG:4326,EPSG:32648,977935.7771980222,4508457.445464015,984335.7771980222,4514857.445464015,10.0,test,0,1
t02_Ordos_S2_MultiBand_2025-0000000000-0000037888_r03072_c07680,E:\260827YOLORUN\GEE_Export_2025\Ordos_S2_MultiBand_2025-0000000000-0000037888.tif,EPSG:4326,EPSG:32648,988175.7771980222,4508457.445464015,994575.7771980222,4514857.445464015,10.0,test,0,1
t02_Ordos_S2_MultiBand_2025-0000000000-0000037888_r03072_c10752,E:\260827YOLORUN\GEE_Export_2025\Ordos_S2_MultiBand_2025-0000000000-0000037888.tif,EPSG:4326,EPSG:32648,1018895.7771980222,4508457.445464015,1025295.7771980222,4514857.445464015,10.0,test,0,1
t02_Ordos_S2_MultiBand_2025-0000000000-0000037888_r03584_c01024,E:\260827YOLORUN\GEE_Export_2025\Ordos_S2_MultiBand_2025-0000000000-0000037888.tif,EPSG:4326,EPSG:32648,921615.7771980222,4503337.445464015,928015.7771980222,4509737.445464015,10.0,val,0,1
t02_Ordos_S2_MultiBand_2025-0000000000-0000037888_r03584_c03072,E:\260827YOLORUN\GEE_Export_2025\Ordos_S2_MultiBand_2025-0000000000-0000037888.tif,EPSG:4326,EPSG:32648,942095.7771980222,4503337.445464015,948495.7771980222,4509737.445464015,10.0,test,0,1
t02_Ordos_S2_MultiBand_2025-0000000000-0000037888_r04608_c00512,E:\260827YOLORUN\GEE_Export_2025\Ordos_S2_MultiBand_2025-0000000000-0000037888.tif,EPSG:4326,EPSG:32648,916495.7771980222,4493097.445464015,922895.7771980222,4499497.445464015,10.0,val,0,1
t02_Ordos_S2_MultiBand_2025-0000000000-0000037888_r04608_c07168,E:\260827YOLORUN\GEE_Export_2025\Ordos_S2_MultiBand_2025-0000000000-0000037888.tif,EPSG:4326,EPSG:32648,983055.7771980222,4493097.445464015,989455.7771980222,4499497.445464015,10.0,test,0,1
t02_Ordos_S2_MultiBand_2025-0000000000-0000037888_r04608_c09728,E:\260827YOLORUN\GEE_Export_2025\Ordos_S2_MultiBand_2025-0000000000-0000037888.tif,EPSG:4326,EPSG:32648,1008655.7771980222,4493097.445464015,1015055.7771980222,4499497.445464015,10.0,test,0,1
t02_Ordos_S2_MultiBand_2025-0000000000-0000037888_r04608_c13312,E:\260827YOLORUN\GEE_Export_2025\Ordos_S2_MultiBand_2025-0000000000-0000037888.tif,EPSG:4326,EPSG:32648,1044495.7771980222,4493097.445464015,1050895.7771980222,4499497.445464015,10.0,test,0,1
t02_Ordos_S2_MultiBand_2025-0000000000-0000037888_r05120_c04608,E:\260827YOLORUN\GEE_Export_2025\Ordos_S2_MultiBand_2025-0000000000-0000037888.tif,EPSG:4326,EPSG:32648,957455.7771980222,4487977.445464015,963855.7771980222,4494377.445464015,10.0,test,0,1
t02_Ordos_S2_MultiBand_2025-0000000000-0000037888_r05632_c07168,E:\260827YOLORUN\GEE_Export_2025\Ordos_S2_MultiBand_2025-0000000000-0000037888.tif,EPSG:4326,EPSG:32648,983055.7771980222,4482857.445464015,989455.7771980222,4489257.445464015,10.0,test,0,1
t02_Ordos_S2_MultiBand_2025-0000000000-0000037888_r05632_c11776,E:\260827YOLORUN\GEE_Export_2025\Ordos_S2_MultiBand_2025-0000000000-0000037888.tif,EPSG:4326,EPSG:32648,1029135.7771980222,4482857.445464015,1035535.7771980222,4489257.445464015,10.0,test,0,1
t02_Ordos_S2_MultiBand_2025-0000000000-0000037888_r06144_c08704,E:\260827YOLORUN\GEE_Export_2025\Ordos_S2_MultiBand_2025-0000000000-0000037888.tif,EPSG:4326,EPSG:32648,998415.7771980222,4477737.445464015,1004815.7771980222,4484137.445464015,10.0,test,0,1
t02_Ordos_S2_MultiBand_2025-0000000000-0000037888_r06656_c05632,E:\260827YOLORUN\GEE_Export_2025\Ordos_S2_MultiBand_2025-0000000000-0000037888.tif,EPSG:4326,EPSG:32648,967695.7771980222,4472617.445464015,974095.7771980222,4479017.445464015,10.0,test,0,1
t02_Ordos_S2_MultiBand_2025-0000000000-0000037888_r06656_c06656,E:\260827YOLORUN\GEE_Export_2025\Ordos_S2_MultiBand_2025-0000000000-0000037888.tif,EPSG:4326,EPSG:32648,977935.7771980222,4472617.445464015,984335.7771980222,4479017.445464015,10.0,test,0,1
t02_Ordos_S2_MultiBand_2025-0000000000-0000037888_r06656_c11776,E:\260827YOLORUN\GEE_Export_2025\Ordos_S2_MultiBand_2025-0000000000-0000037888.tif,EPSG:4326,EPSG:32648,1029135.7771980222,4472617.445464015,1035535.7771980222,4479017.445464015,10.0,test,0,1
t02_Ordos_S2_MultiBand_2025-0000000000-0000037888_r06656_c12288,E:\260827YOLORUN\GEE_Export_2025\Ordos_S2_MultiBand_2025-0000000000-0000037888.tif,EPSG:4326,EPSG:32648,1034255.7771980222,4472617.445464015,1040655.7771980222,4479017.445464015,10.0,test,0,1
t02_Ordos_S2_MultiBand_2025-0000000000-0000037888_r07168_c08704,E:\260827YOLORUN\GEE_Export_2025\Ordos_S2_MultiBand_2025-0000000000-0000037888.tif,EPSG:4326,EPSG:32648,998415.7771980222,4467497.445464015,1004815.7771980222,4473897.445464015,10.0,test,0,1
t02_Ordos_S2_MultiBand_2025-0000000000-0000037888_r07680_c09728,E:\260827YOLORUN\GEE_Export_2025\Ordos_S2_MultiBand_2025-0000000000-0000037888.tif,EPSG:4326,EPSG:32648,1008655.7771980222,4462377.445464015,1015055.7771980222,4468777.445464015,10.0,test,0,1
t02_Ordos_S2_MultiBand_2025-0000000000-0000037888_r08192_c01536,E:\260827YOLORUN\GEE_Export_2025\Ordos_S2_MultiBand_2025-0000000000-0000037888.tif,EPSG:4326,EPSG:32648,926735.7771980222,4457257.445464015,933135.7771980222,4463657.445464015,10.0,val,0,1
t02_Ordos_S2_MultiBand_2025-0000000000-0000037888_r08192_c14001,E:\260827YOLORUN\GEE_Export_2025\Ordos_S2_MultiBand_2025-0000000000-0000037888.tif,EPSG:4326,EPSG:32648,1051385.7771980222,4457257.445464015,1057785.7771980222,4463657.445464015,10.0,test,0,1
t02_Ordos_S2_MultiBand_2025-0000000000-0000037888_r08704_c03072,E:\260827YOLORUN\GEE_Export_2025\Ordos_S2_MultiBand_2025-0000000000-0000037888.tif,EPSG:4326,EPSG:32648,942095.7771980222,4452137.445464015,948495.7771980222,4458537.445464015,10.0,test,0,1
t02_Ordos_S2_MultiBand_2025-0000000000-0000037888_r08704_c06656,E:\260827YOLORUN\GEE_Export_2025\Ordos_S2_MultiBand_2025-0000000000-0000037888.tif,EPSG:4326,EPSG:32648,977935.7771980222,4452137.445464015,984335.7771980222,4458537.445464015,10.0,test,0,1
t02_Ordos_S2_MultiBand_2025-0000000000-0000037888_r08704_c13312,E:\260827YOLORUN\GEE_Export_2025\Ordos_S2_MultiBand_2025-0000000000-0000037888.tif,EPSG:4326,EPSG:32648,1044495.7771980222,4452137.445464015,1050895.7771980222,4458537.445464015,10.0,test,0,1
t02_Ordos_S2_MultiBand_2025-0000000000-0000037888_r08704_c13824,E:\260827YOLORUN\GEE_Export_2025\Ordos_S2_MultiBand_2025-0000000000-0000037888.tif,EPSG:4326,EPSG:32648,1049615.7771980222,4452137.445464015,1056015.7771980222,4458537.445464015,10.0,test,0,1
t02_Ordos_S2_MultiBand_2025-0000000000-0000037888_r09216_c02048,E:\260827YOLORUN\GEE_Export_2025\Ordos_S2_MultiBand_2025-0000000000-0000037888.tif,EPSG:4326,EPSG:32648,931855.7771980222,4447017.445464015,938255.7771980222,4453417.445464015,10.0,val,0,1
t02_Ordos_S2_MultiBand_2025-0000000000-0000037888_r09216_c12288,E:\260827YOLORUN\GEE_Export_2025\Ordos_S2_MultiBand_2025-0000000000-0000037888.tif,EPSG:4326,EPSG:32648,1034255.7771980222,4447017.445464015,1040655.7771980222,4453417.445464015,10.0,test,0,1
t02_Ordos_S2_MultiBand_2025-0000000000-0000037888_r09728_c00000,E:\260827YOLORUN\GEE_Export_2025\Ordos_S2_MultiBand_2025-0000000000-0000037888.tif,EPSG:4326,EPSG:32648,911375.7771980222,4441897.445464015,917775.7771980222,4448297.445464015,10.0,val,0,1
t02_Ordos_S2_MultiBand_2025-0000000000-0000037888_r09728_c03072,E:\260827YOLORUN\GEE_Export_2025\Ordos_S2_MultiBand_2025-0000000000-0000037888.tif,EPSG:4326,EPSG:32648,942095.7771980222,4441897.445464015,948495.7771980222,4448297.445464015,10.0,test,0,1
t02_Ordos_S2_MultiBand_2025-0000000000-0000037888_r09728_c09728,E:\260827YOLORUN\GEE_Export_2025\Ordos_S2_MultiBand_2025-0000000000-0000037888.tif,EPSG:4326,EPSG:32648,1008655.7771980222,4441897.445464015,1015055.7771980222,4448297.445464015,10.0,test,0,1
t02_Ordos_S2_MultiBand_2025-0000000000-0000037888_r09728_c14001,E:\260827YOLORUN\GEE_Export_2025\Ordos_S2_MultiBand_2025-0000000000-0000037888.tif,EPSG:4326,EPSG:32648,1051385.7771980222,4441897.445464015,1057785.7771980222,4448297.445464015,10.0,test,0,1
t02_Ordos_S2_MultiBand_2025-0000000000-0000037888_r10240_c04096,E:\260827YOLORUN\GEE_Export_2025\Ordos_S2_MultiBand_2025-0000000000-0000037888.tif,EPSG:4326,EPSG:32648,952335.7771980222,4436777.445464015,958735.7771980222,4443177.445464015,10.0,test,0,1
t02_Ordos_S2_MultiBand_2025-0000000000-0000037888_r10240_c10752,E:\260827YOLORUN\GEE_Export_2025\Ordos_S2_MultiBand_2025-0000000000-0000037888.tif,EPSG:4326,EPSG:32648,1018895.7771980222,4436777.445464015,1025295.7771980222,4443177.445464015,10.0,test,0,1
t02_Ordos_S2_MultiBand_2025-0000000000-0000037888_r10752_c05632,E:\260827YOLORUN\GEE_Export_2025\Ordos_S2_MultiBand_2025-0000000000-0000037888.tif,EPSG:4326,EPSG:32648,967695.7771980222,4431657.445464015,974095.7771980222,4438057.445464015,10.0,test,0,1
t02_Ordos_S2_MultiBand_2025-0000000000-0000037888_r10752_c06144,E:\260827YOLORUN\GEE_Export_2025\Ordos_S2_MultiBand_2025-0000000000-0000037888.tif,EPSG:4326,EPSG:32648,972815.7771980222,4431657.445464015,979215.7771980222,4438057.445464015,10.0,test,0,1
t02_Ordos_S2_MultiBand_2025-0000000000-0000037888_r10752_c07168,E:\260827YOLORUN\GEE_Export_2025\Ordos_S2_MultiBand_2025-0000000000-0000037888.tif,EPSG:4326,EPSG:32648,983055.7771980222,4431657.445464015,989455.7771980222,4438057.445464015,10.0,test,0,1
t02_Ordos_S2_MultiBand_2025-0000000000-0000037888_r10752_c07680,E:\260827YOLORUN\GEE_Export_2025\Ordos_S2_MultiBand_2025-0000000000-0000037888.tif,EPSG:4326,EPSG:32648,988175.7771980222,4431657.445464015,994575.7771980222,4438057.445464015,10.0,test,0,1
t02_Ordos_S2_MultiBand_2025-0000000000-0000037888_r10752_c11264,E:\260827YOLORUN\GEE_Export_2025\Ordos_S2_MultiBand_2025-0000000000-0000037888.tif,EPSG:4326,EPSG:32648,1024015.7771980222,4431657.445464015,1030415.7771980222,4438057.445464015,10.0,test,0,1
t02_Ordos_S2_MultiBand_2025-0000000000-0000037888_r11264_c03072,E:\260827YOLORUN\GEE_Export_2025\Ordos_S2_MultiBand_2025-0000000000-0000037888.tif,EPSG:4326,EPSG:32648,942095.7771980222,4426537.445464015,948495.7771980222,4432937.445464015,10.0,test,0,1
t02_Ordos_S2_MultiBand_2025-0000000000-0000037888_r11264_c05120,E:\260827YOLORUN\GEE_Export_2025\Ordos_S2_MultiBand_2025-0000000000-0000037888.tif,EPSG:4326,EPSG:32648,962575.7771980222,4426537.445464015,968975.7771980222,4432937.445464015,10.0,test,0,1
t02_Ordos_S2_MultiBand_2025-0000000000-0000037888_r11264_c05632,E:\260827YOLORUN\GEE_Export_2025\Ordos_S2_MultiBand_2025-0000000000-0000037888.tif,EPSG:4326,EPSG:32648,967695.7771980222,4426537.445464015,974095.7771980222,4432937.445464015,10.0,test,0,1
t02_Ordos_S2_MultiBand_2025-0000000000-0000037888_r11776_c01536,E:\260827YOLORUN\GEE_Export_2025\Ordos_S2_MultiBand_2025-0000000000-0000037888.tif,EPSG:4326,EPSG:32648,926735.7771980222,4421417.445464015,933135.7771980222,4427817.445464015,10.0,val,0,1
t02_Ordos_S2_MultiBand_2025-0000000000-0000037888_r11776_c03072,E:\260827YOLORUN\GEE_Export_2025\Ordos_S2_MultiBand_2025-0000000000-0000037888.tif,EPSG:4326,EPSG:32648,942095.7771980222,4421417.445464015,948495.7771980222,4427817.445464015,10.0,test,0,1
t02_Ordos_S2_MultiBand_2025-0000000000-0000037888_r11776_c04608,E:\260827YOLORUN\GEE_Export_2025\Ordos_S2_MultiBand_2025-0000000000-0000037888.tif,EPSG:4326,EPSG:32648,957455.7771980222,4421417.445464015,963855.7771980222,4427817.445464015,10.0,test,0,1
t02_Ordos_S2_MultiBand_2025-0000000000-0000037888_r11776_c10752,E:\260827YOLORUN\GEE_Export_2025\Ordos_S2_MultiBand_2025-0000000000-0000037888.tif,EPSG:4326,EPSG:32648,1018895.7771980222,4421417.445464015,1025295.7771980222,4427817.445464015,10.0,test,0,1
t02_Ordos_S2_MultiBand_2025-0000000000-0000037888_r12288_c04096,E:\260827YOLORUN\GEE_Export_2025\Ordos_S2_MultiBand_2025-0000000000-0000037888.tif,EPSG:4326,EPSG:32648,952335.7771980222,4416297.445464015,958735.7771980222,4422697.445464015,10.0,test,0,1
t02_Ordos_S2_MultiBand_2025-0000000000-0000037888_r12288_c08192,E:\260827YOLORUN\GEE_Export_2025\Ordos_S2_MultiBand_2025-0000000000-0000037888.tif,EPSG:4326,EPSG:32648,993295.7771980222,4416297.445464015,999695.7771980222,4422697.445464015,10.0,test,0,1
t02_Ordos_S2_MultiBand_2025-0000000000-0000037888_r12288_c11264,E:\260827YOLORUN\GEE_Export_2025\Ordos_S2_MultiBand_2025-0000000000-0000037888.tif,EPSG:4326,EPSG:32648,1024015.7771980222,4416297.445464015,1030415.7771980222,4422697.445464015,10.0,test,0,1
t02_Ordos_S2_MultiBand_2025-0000000000-0000037888_r12800_c03072,E:\260827YOLORUN\GEE_Export_2025\Ordos_S2_MultiBand_2025-0000000000-0000037888.tif,EPSG:4326,EPSG:32648,942095.7771980222,4411177.445464015,948495.7771980222,4417577.445464015,10.0,test,0,1
t02_Ordos_S2_MultiBand_2025-0000000000-0000037888_r12800_c06656,E:\260827YOLORUN\GEE_Export_2025\Ordos_S2_MultiBand_2025-0000000000-0000037888.tif,EPSG:4326,EPSG:32648,977935.7771980222,4411177.445464015,984335.7771980222,4417577.445464015,10.0,test,0,1
t02_Ordos_S2_MultiBand_2025-0000000000-0000037888_r12800_c10752,E:\260827YOLORUN\GEE_Export_2025\Ordos_S2_MultiBand_2025-0000000000-0000037888.tif,EPSG:4326,EPSG:32648,1018895.7771980222,4411177.445464015,1025295.7771980222,4417577.445464015,10.0,test,0,1
t02_Ordos_S2_MultiBand_2025-0000000000-0000037888_r12800_c12288,E:\260827YOLORUN\GEE_Export_2025\Ordos_S2_MultiBand_2025-0000000000-0000037888.tif,EPSG:4326,EPSG:32648,1034255.7771980222,4411177.445464015,1040655.7771980222,4417577.445464015,10.0,test,0,1
t02_Ordos_S2_MultiBand_2025-0000000000-0000037888_r13312_c01024,E:\260827YOLORUN\GEE_Export_2025\Ordos_S2_MultiBand_2025-0000000000-0000037888.tif,EPSG:4326,EPSG:32648,921615.7771980222,4406057.445464015,928015.7771980222,4412457.445464015,10.0,val,0,1
t02_Ordos_S2_MultiBand_2025-0000000000-0000037888_r13312_c01536,E:\260827YOLORUN\GEE_Export_2025\Ordos_S2_MultiBand_2025-0000000000-0000037888.tif,EPSG:4326,EPSG:32648,926735.7771980222,4406057.445464015,933135.7771980222,4412457.445464015,10.0,val,0,1
t02_Ordos_S2_MultiBand_2025-0000000000-0000037888_r13312_c03072,E:\260827YOLORUN\GEE_Export_2025\Ordos_S2_MultiBand_2025-0000000000-0000037888.tif,EPSG:4326,EPSG:32648,942095.7771980222,4406057.445464015,948495.7771980222,4412457.445464015,10.0,test,0,1
t02_Ordos_S2_MultiBand_2025-0000000000-0000037888_r13312_c09216,E:\260827YOLORUN\GEE_Export_2025\Ordos_S2_MultiBand_2025-0000000000-0000037888.tif,EPSG:4326,EPSG:32648,1003535.7771980222,4406057.445464015,1009935.7771980222,4412457.445464015,10.0,test,0,1
t02_Ordos_S2_MultiBand_2025-0000000000-0000037888_r13824_c03584,E:\260827YOLORUN\GEE_Export_2025\Ordos_S2_MultiBand_2025-0000000000-0000037888.tif,EPSG:4326,EPSG:32648,947215.7771980222,4400937.445464015,953615.7771980222,4407337.445464015,10.0,test,0,1
t02_Ordos_S2_MultiBand_2025-0000000000-0000037888_r13824_c05120,E:\260827YOLORUN\GEE_Export_2025\Ordos_S2_MultiBand_2025-0000000000-0000037888.tif,EPSG:4326,EPSG:32648,962575.7771980222,4400937.445464015,968975.7771980222,4407337.445464015,10.0,test,0,1
t02_Ordos_S2_MultiBand_2025-0000000000-0000037888_r13824_c08704,E:\260827YOLORUN\GEE_Export_2025\Ordos_S2_MultiBand_2025-0000000000-0000037888.tif,EPSG:4326,EPSG:32648,998415.7771980222,4400937.445464015,1004815.7771980222,4407337.445464015,10.0,test,0,1
t02_Ordos_S2_MultiBand_2025-0000000000-0000037888_r13824_c12800,E:\260827YOLORUN\GEE_Export_2025\Ordos_S2_MultiBand_2025-0000000000-0000037888.tif,EPSG:4326,EPSG:32648,1039375.7771980222,4400937.445464015,1045775.7771980222,4407337.445464015,10.0,test,0,1
t02_Ordos_S2_MultiBand_2025-0000000000-0000037888_r14336_c03584,E:\260827YOLORUN\GEE_Export_2025\Ordos_S2_MultiBand_2025-0000000000-0000037888.tif,EPSG:4326,EPSG:32648,947215.7771980222,4395817.445464015,953615.7771980222,4402217.445464015,10.0,test,0,1
t02_Ordos_S2_MultiBand_2025-0000000000-0000037888_r14336_c04096,E:\260827YOLORUN\GEE_Export_2025\Ordos_S2_MultiBand_2025-0000000000-0000037888.tif,EPSG:4326,EPSG:32648,952335.7771980222,4395817.445464015,958735.7771980222,4402217.445464015,10.0,test,0,1
t02_Ordos_S2_MultiBand_2025-0000000000-0000037888_r14336_c07680,E:\260827YOLORUN\GEE_Export_2025\Ordos_S2_MultiBand_2025-0000000000-0000037888.tif,EPSG:4326,EPSG:32648,988175.7771980222,4395817.445464015,994575.7771980222,4402217.445464015,10.0,test,0,1
t02_Ordos_S2_MultiBand_2025-0000000000-0000037888_r14336_c10752,E:\260827YOLORUN\GEE_Export_2025\Ordos_S2_MultiBand_2025-0000000000-0000037888.tif,EPSG:4326,EPSG:32648,1018895.7771980222,4395817.445464015,1025295.7771980222,4402217.445464015,10.0,test,0,1
t02_Ordos_S2_MultiBand_2025-0000000000-0000037888_r14336_c14001,E:\260827YOLORUN\GEE_Export_2025\Ordos_S2_MultiBand_2025-0000000000-0000037888.tif,EPSG:4326,EPSG:32648,1051385.7771980222,4395817.445464015,1057785.7771980222,4402217.445464015,10.0,test,0,1
t02_Ordos_S2_MultiBand_2025-0000000000-0000037888_r14848_c02560,E:\260827YOLORUN\GEE_Export_2025\Ordos_S2_MultiBand_2025-0000000000-0000037888.tif,EPSG:4326,EPSG:32648,936975.7771980222,4390697.445464015,943375.7771980222,4397097.445464015,10.0,DROPPED_BUFFER,0,1
t02_Ordos_S2_MultiBand_2025-0000000000-0000037888_r14848_c13824,E:\260827YOLORUN\GEE_Export_2025\Ordos_S2_MultiBand_2025-0000000000-0000037888.tif,EPSG:4326,EPSG:32648,1049615.7771980222,4390697.445464015,1056015.7771980222,4397097.445464015,10.0,test,0,1
t02_Ordos_S2_MultiBand_2025-0000000000-0000037888_r15360_c04608,E:\260827YOLORUN\GEE_Export_2025\Ordos_S2_MultiBand_2025-0000000000-0000037888.tif,EPSG:4326,EPSG:32648,957455.7771980222,4385577.445464015,963855.7771980222,4391977.445464015,10.0,test,0,1
t02_Ordos_S2_MultiBand_2025-0000000000-0000037888_r15360_c11264,E:\260827YOLORUN\GEE_Export_2025\Ordos_S2_MultiBand_2025-0000000000-0000037888.tif,EPSG:4326,EPSG:32648,1024015.7771980222,4385577.445464015,1030415.7771980222,4391977.445464015,10.0,test,0,1
t02_Ordos_S2_MultiBand_2025-0000000000-0000037888_r15872_c02048,E:\260827YOLORUN\GEE_Export_2025\Ordos_S2_MultiBand_2025-0000000000-0000037888.tif,EPSG:4326,EPSG:32648,931855.7771980222,4380457.445464015,938255.7771980222,4386857.445464015,10.0,val,0,1
t02_Ordos_S2_MultiBand_2025-0000000000-0000037888_r15872_c04096,E:\260827YOLORUN\GEE_Export_2025\Ordos_S2_MultiBand_2025-0000000000-0000037888.tif,EPSG:4326,EPSG:32648,952335.7771980222,4380457.445464015,958735.7771980222,4386857.445464015,10.0,test,0,1
t02_Ordos_S2_MultiBand_2025-0000000000-0000037888_r15872_c08192,E:\260827YOLORUN\GEE_Export_2025\Ordos_S2_MultiBand_2025-0000000000-0000037888.tif,EPSG:4326,EPSG:32648,993295.7771980222,4380457.445464015,999695.7771980222,4386857.445464015,10.0,test,0,1
t02_Ordos_S2_MultiBand_2025-0000000000-0000037888_r16384_c11264,E:\260827YOLORUN\GEE_Export_2025\Ordos_S2_MultiBand_2025-0000000000-0000037888.tif,EPSG:4326,EPSG:32648,1024015.7771980222,4375337.445464015,1030415.7771980222,4381737.445464015,10.0,test,0,1
t02_Ordos_S2_MultiBand_2025-0000000000-0000037888_r16896_c03072,E:\260827YOLORUN\GEE_Export_2025\Ordos_S2_MultiBand_2025-0000000000-0000037888.tif,EPSG:4326,EPSG:32648,942095.7771980222,4370217.445464015,948495.7771980222,4376617.445464015,10.0,test,0,1
t02_Ordos_S2_MultiBand_2025-0000000000-0000037888_r16896_c06656,E:\260827YOLORUN\GEE_Export_2025\Ordos_S2_MultiBand_2025-0000000000-0000037888.tif,EPSG:4326,EPSG:32648,977935.7771980222,4370217.445464015,984335.7771980222,4376617.445464015,10.0,test,0,1
t02_Ordos_S2_MultiBand_2025-0000000000-0000037888_r16896_c08192,E:\260827YOLORUN\GEE_Export_2025\Ordos_S2_MultiBand_2025-0000000000-0000037888.tif,EPSG:4326,EPSG:32648,993295.7771980222,4370217.445464015,999695.7771980222,4376617.445464015,10.0,test,0,1
t02_Ordos_S2_MultiBand_2025-0000000000-0000037888_r17408_c00512,E:\260827YOLORUN\GEE_Export_2025\Ordos_S2_MultiBand_2025-0000000000-0000037888.tif,EPSG:4326,EPSG:32648,916495.7771980222,4365097.445464015,922895.7771980222,4371497.445464015,10.0,val,0,1
t02_Ordos_S2_MultiBand_2025-0000000000-0000037888_r17408_c03072,E:\260827YOLORUN\GEE_Export_2025\Ordos_S2_MultiBand_2025-0000000000-0000037888.tif,EPSG:4326,EPSG:32648,942095.7771980222,4365097.445464015,948495.7771980222,4371497.445464015,10.0,test,0,1
t02_Ordos_S2_MultiBand_2025-0000000000-0000037888_r17408_c06144,E:\260827YOLORUN\GEE_Export_2025\Ordos_S2_MultiBand_2025-0000000000-0000037888.tif,EPSG:4326,EPSG:32648,972815.7771980222,4365097.445464015,979215.7771980222,4371497.445464015,10.0,test,0,1
t02_Ordos_S2_MultiBand_2025-0000000000-0000037888_r17408_c08192,E:\260827YOLORUN\GEE_Export_2025\Ordos_S2_MultiBand_2025-0000000000-0000037888.tif,EPSG:4326,EPSG:32648,993295.7771980222,4365097.445464015,999695.7771980222,4371497.445464015,10.0,test,0,1
t02_Ordos_S2_MultiBand_2025-0000000000-0000037888_r17920_c00512,E:\260827YOLORUN\GEE_Export_2025\Ordos_S2_MultiBand_2025-0000000000-0000037888.tif,EPSG:4326,EPSG:32648,916495.7771980222,4359977.445464015,922895.7771980222,4366377.445464015,10.0,val,0,1
t02_Ordos_S2_MultiBand_2025-0000000000-0000037888_r17920_c05632,E:\260827YOLORUN\GEE_Export_2025\Ordos_S2_MultiBand_2025-0000000000-0000037888.tif,EPSG:4326,EPSG:32648,967695.7771980222,4359977.445464015,974095.7771980222,4366377.445464015,10.0,test,0,1
t02_Ordos_S2_MultiBand_2025-0000000000-0000037888_r17920_c07168,E:\260827YOLORUN\GEE_Export_2025\Ordos_S2_MultiBand_2025-0000000000-0000037888.tif,EPSG:4326,EPSG:32648,983055.7771980222,4359977.445464015,989455.7771980222,4366377.445464015,10.0,test,0,1
t02_Ordos_S2_MultiBand_2025-0000000000-0000037888_r17920_c10240,E:\260827YOLORUN\GEE_Export_2025\Ordos_S2_MultiBand_2025-0000000000-0000037888.tif,EPSG:4326,EPSG:32648,1013775.7771980222,4359977.445464015,1020175.7771980222,4366377.445464015,10.0,test,0,1
t02_Ordos_S2_MultiBand_2025-0000000000-0000037888_r18432_c00512,E:\260827YOLORUN\GEE_Export_2025\Ordos_S2_MultiBand_2025-0000000000-0000037888.tif,EPSG:4326,EPSG:32648,916495.7771980222,4354857.445464015,922895.7771980222,4361257.445464015,10.0,val,0,1
t02_Ordos_S2_MultiBand_2025-0000000000-0000037888_r18432_c02048,E:\260827YOLORUN\GEE_Export_2025\Ordos_S2_MultiBand_2025-0000000000-0000037888.tif,EPSG:4326,EPSG:32648,931855.7771980222,4354857.445464015,938255.7771980222,4361257.445464015,10.0,val,0,1
t02_Ordos_S2_MultiBand_2025-0000000000-0000037888_r18432_c09216,E:\260827YOLORUN\GEE_Export_2025\Ordos_S2_MultiBand_2025-0000000000-0000037888.tif,EPSG:4326,EPSG:32648,1003535.7771980222,4354857.445464015,1009935.7771980222,4361257.445464015,10.0,test,0,1
t02_Ordos_S2_MultiBand_2025-0000000000-0000037888_r18944_c06656,E:\260827YOLORUN\GEE_Export_2025\Ordos_S2_MultiBand_2025-0000000000-0000037888.tif,EPSG:4326,EPSG:32648,977935.7771980222,4349737.445464015,984335.7771980222,4356137.445464015,10.0,test,0,1
t02_Ordos_S2_MultiBand_2025-0000000000-0000037888_r19122_c05120,E:\260827YOLORUN\GEE_Export_2025\Ordos_S2_MultiBand_2025-0000000000-0000037888.tif,EPSG:4326,EPSG:32648,962575.7771980222,4347957.445464015,968975.7771980222,4354357.445464015,10.0,test,0,1
t02_Ordos_S2_MultiBand_2025-0000000000-0000037888_r19122_c07680,E:\260827YOLORUN\GEE_Export_2025\Ordos_S2_MultiBand_2025-0000000000-0000037888.tif,EPSG:4326,EPSG:32648,988175.7771980222,4347957.445464015,994575.7771980222,4354357.445464015,10.0,test,0,1
t02_Ordos_S2_MultiBand_2025-0000000000-0000037888_r19122_c11264,E:\260827YOLORUN\GEE_Export_2025\Ordos_S2_MultiBand_2025-0000000000-0000037888.tif,EPSG:4326,EPSG:32648,1024015.7771980222,4347957.445464015,1030415.7771980222,4354357.445464015,10.0,test,0,1
t02_Ordos_S2_MultiBand_2025-0000000000-0000037888_r19122_c14001,E:\260827YOLORUN\GEE_Export_2025\Ordos_S2_MultiBand_2025-0000000000-0000037888.tif,EPSG:4326,EPSG:32648,1051385.7771980222,4347957.445464015,1057785.7771980222,4354357.445464015,10.0,test,0,1
t03_Ordos_S2_MultiBand_2025-0000018944-0000000000_r00000_c07168,E:\260827YOLORUN\GEE_Export_2025\Ordos_S2_MultiBand_2025-0000018944-0000000000.tif,EPSG:4326,EPSG:32648,699361.2086843299,4335012.979700382,705761.2086843299,4341412.979700382,10.0,train,2,0
t03_Ordos_S2_MultiBand_2025-0000018944-0000000000_r00000_c08192,E:\260827YOLORUN\GEE_Export_2025\Ordos_S2_MultiBand_2025-0000018944-0000000000.tif,EPSG:4326,EPSG:32648,709601.2086843299,4335012.979700382,716001.2086843299,4341412.979700382,10.0,train,2,0
t03_Ordos_S2_MultiBand_2025-0000018944-0000000000_r00000_c08704,E:\260827YOLORUN\GEE_Export_2025\Ordos_S2_MultiBand_2025-0000018944-0000000000.tif,EPSG:4326,EPSG:32648,714721.2086843299,4335012.979700382,721121.2086843299,4341412.979700382,10.0,train,1,0
t03_Ordos_S2_MultiBand_2025-0000018944-0000000000_r00000_c09216,E:\260827YOLORUN\GEE_Export_2025\Ordos_S2_MultiBand_2025-0000018944-0000000000.tif,EPSG:4326,EPSG:32648,719841.2086843299,4335012.979700382,726241.2086843299,4341412.979700382,10.0,train,5,0
t03_Ordos_S2_MultiBand_2025-0000018944-0000000000_r00000_c09728,E:\260827YOLORUN\GEE_Export_2025\Ordos_S2_MultiBand_2025-0000018944-0000000000.tif,EPSG:4326,EPSG:32648,724961.2086843299,4335012.979700382,731361.2086843299,4341412.979700382,10.0,train,3,0
t03_Ordos_S2_MultiBand_2025-0000018944-0000000000_r00000_c11264,E:\260827YOLORUN\GEE_Export_2025\Ordos_S2_MultiBand_2025-0000018944-0000000000.tif,EPSG:4326,EPSG:32648,740321.2086843299,4335012.979700382,746721.2086843299,4341412.979700382,10.0,train,1,0
t03_Ordos_S2_MultiBand_2025-0000018944-0000000000_r00512_c07168,E:\260827YOLORUN\GEE_Export_2025\Ordos_S2_MultiBand_2025-0000018944-0000000000.tif,EPSG:4326,EPSG:32648,699361.2086843299,4329892.979700382,705761.2086843299,4336292.979700382,10.0,train,3,0
t03_Ordos_S2_MultiBand_2025-0000018944-0000000000_r00512_c08192,E:\260827YOLORUN\GEE_Export_2025\Ordos_S2_MultiBand_2025-0000018944-0000000000.tif,EPSG:4326,EPSG:32648,709601.2086843299,4329892.979700382,716001.2086843299,4336292.979700382,10.0,train,1,0
t03_Ordos_S2_MultiBand_2025-0000018944-0000000000_r00512_c08704,E:\260827YOLORUN\GEE_Export_2025\Ordos_S2_MultiBand_2025-0000018944-0000000000.tif,EPSG:4326,EPSG:32648,714721.2086843299,4329892.979700382,721121.2086843299,4336292.979700382,10.0,train,1,0
t03_Ordos_S2_MultiBand_2025-0000018944-0000000000_r00512_c10240,E:\260827YOLORUN\GEE_Export_2025\Ordos_S2_MultiBand_2025-0000018944-0000000000.tif,EPSG:4326,EPSG:32648,730081.2086843299,4329892.979700382,736481.2086843299,4336292.979700382,10.0,train,1,0
t03_Ordos_S2_MultiBand_2025-0000018944-0000000000_r00512_c10752,E:\260827YOLORUN\GEE_Export_2025\Ordos_S2_MultiBand_2025-0000018944-0000000000.tif,EPSG:4326,EPSG:32648,735201.2086843299,4329892.979700382,741601.2086843299,4336292.979700382,10.0,train,1,0
t03_Ordos_S2_MultiBand_2025-0000018944-0000000000_r00512_c14336,E:\260827YOLORUN\GEE_Export_2025\Ordos_S2_MultiBand_2025-0000018944-0000000000.tif,EPSG:4326,EPSG:32648,771041.2086843299,4329892.979700382,777441.2086843299,4336292.979700382,10.0,train,1,0
t03_Ordos_S2_MultiBand_2025-0000018944-0000000000_r00512_c14660,E:\260827YOLORUN\GEE_Export_2025\Ordos_S2_MultiBand_2025-0000018944-0000000000.tif,EPSG:4326,EPSG:32648,774281.2086843299,4329892.979700382,780681.2086843299,4336292.979700382,10.0,train,2,0
t03_Ordos_S2_MultiBand_2025-0000018944-0000000000_r01024_c08192,E:\260827YOLORUN\GEE_Export_2025\Ordos_S2_MultiBand_2025-0000018944-0000000000.tif,EPSG:4326,EPSG:32648,709601.2086843299,4324772.979700382,716001.2086843299,4331172.979700382,10.0,train,5,0
t03_Ordos_S2_MultiBand_2025-0000018944-0000000000_r01024_c08704,E:\260827YOLORUN\GEE_Export_2025\Ordos_S2_MultiBand_2025-0000018944-0000000000.tif,EPSG:4326,EPSG:32648,714721.2086843299,4324772.979700382,721121.2086843299,4331172.979700382,10.0,train,1,0
t03_Ordos_S2_MultiBand_2025-0000018944-0000000000_r01024_c12288,E:\260827YOLORUN\GEE_Export_2025\Ordos_S2_MultiBand_2025-0000018944-0000000000.tif,EPSG:4326,EPSG:32648,750561.2086843299,4324772.979700382,756961.2086843299,4331172.979700382,10.0,train,1,0
t03_Ordos_S2_MultiBand_2025-0000018944-0000000000_r01024_c13824,E:\260827YOLORUN\GEE_Export_2025\Ordos_S2_MultiBand_2025-0000018944-0000000000.tif,EPSG:4326,EPSG:32648,765921.2086843299,4324772.979700382,772321.2086843299,4331172.979700382,10.0,train,1,0
t03_Ordos_S2_MultiBand_2025-0000018944-0000000000_r01024_c14336,E:\260827YOLORUN\GEE_Export_2025\Ordos_S2_MultiBand_2025-0000018944-0000000000.tif,EPSG:4326,EPSG:32648,771041.2086843299,4324772.979700382,777441.2086843299,4331172.979700382,10.0,train,1,0
t03_Ordos_S2_MultiBand_2025-0000018944-0000000000_r01536_c06656,E:\260827YOLORUN\GEE_Export_2025\Ordos_S2_MultiBand_2025-0000018944-0000000000.tif,EPSG:4326,EPSG:32648,694241.2086843299,4319652.979700382,700641.2086843299,4326052.979700382,10.0,train,1,0
t03_Ordos_S2_MultiBand_2025-0000018944-0000000000_r01536_c07168,E:\260827YOLORUN\GEE_Export_2025\Ordos_S2_MultiBand_2025-0000018944-0000000000.tif,EPSG:4326,EPSG:32648,699361.2086843299,4319652.979700382,705761.2086843299,4326052.979700382,10.0,train,1,0
t03_Ordos_S2_MultiBand_2025-0000018944-0000000000_r01536_c07680,E:\260827YOLORUN\GEE_Export_2025\Ordos_S2_MultiBand_2025-0000018944-0000000000.tif,EPSG:4326,EPSG:32648,704481.2086843299,4319652.979700382,710881.2086843299,4326052.979700382,10.0,train,2,0
t03_Ordos_S2_MultiBand_2025-0000018944-0000000000_r01536_c08704,E:\260827YOLORUN\GEE_Export_2025\Ordos_S2_MultiBand_2025-0000018944-0000000000.tif,EPSG:4326,EPSG:32648,714721.2086843299,4319652.979700382,721121.2086843299,4326052.979700382,10.0,train,1,0
t03_Ordos_S2_MultiBand_2025-0000018944-0000000000_r01536_c09728,E:\260827YOLORUN\GEE_Export_2025\Ordos_S2_MultiBand_2025-0000018944-0000000000.tif,EPSG:4326,EPSG:32648,724961.2086843299,4319652.979700382,731361.2086843299,4326052.979700382,10.0,train,1,0
t03_Ordos_S2_MultiBand_2025-0000018944-0000000000_r01536_c10240,E:\260827YOLORUN\GEE_Export_2025\Ordos_S2_MultiBand_2025-0000018944-0000000000.tif,EPSG:4326,EPSG:32648,730081.2086843299,4319652.979700382,736481.2086843299,4326052.979700382,10.0,train,1,0
t03_Ordos_S2_MultiBand_2025-0000018944-0000000000_r01536_c10752,E:\260827YOLORUN\GEE_Export_2025\Ordos_S2_MultiBand_2025-0000018944-0000000000.tif,EPSG:4326,EPSG:32648,735201.2086843299,4319652.979700382,741601.2086843299,4326052.979700382,10.0,train,1,0
t03_Ordos_S2_MultiBand_2025-0000018944-0000000000_r01536_c11264,E:\260827YOLORUN\GEE_Export_2025\Ordos_S2_MultiBand_2025-0000018944-0000000000.tif,EPSG:4326,EPSG:32648,740321.2086843299,4319652.979700382,746721.2086843299,4326052.979700382,10.0,train,2,0
t03_Ordos_S2_MultiBand_2025-0000018944-0000000000_r01536_c11776,E:\260827YOLORUN\GEE_Export_2025\Ordos_S2_MultiBand_2025-0000018944-0000000000.tif,EPSG:4326,EPSG:32648,745441.2086843299,4319652.979700382,751841.2086843299,4326052.979700382,10.0,train,1,0
t03_Ordos_S2_MultiBand_2025-0000018944-0000000000_r01536_c13824,E:\260827YOLORUN\GEE_Export_2025\Ordos_S2_MultiBand_2025-0000018944-0000000000.tif,EPSG:4326,EPSG:32648,765921.2086843299,4319652.979700382,772321.2086843299,4326052.979700382,10.0,train,1,0
t03_Ordos_S2_MultiBand_2025-0000018944-0000000000_r01536_c14336,E:\260827YOLORUN\GEE_Export_2025\Ordos_S2_MultiBand_2025-0000018944-0000000000.tif,EPSG:4326,EPSG:32648,771041.2086843299,4319652.979700382,777441.2086843299,4326052.979700382,10.0,train,1,0
t03_Ordos_S2_MultiBand_2025-0000018944-0000000000_r02048_c06656,E:\260827YOLORUN\GEE_Export_2025\Ordos_S2_MultiBand_2025-0000018944-0000000000.tif,EPSG:4326,EPSG:32648,694241.2086843299,4314532.979700382,700641.2086843299,4320932.979700382,10.0,train,1,0
t03_Ordos_S2_MultiBand_2025-0000018944-0000000000_r02048_c08192,E:\260827YOLORUN\GEE_Export_2025\Ordos_S2_MultiBand_2025-0000018944-0000000000.tif,EPSG:4326,EPSG:32648,709601.2086843299,4314532.979700382,716001.2086843299,4320932.979700382,10.0,train,2,0
t03_Ordos_S2_MultiBand_2025-0000018944-0000000000_r02048_c08704,E:\260827YOLORUN\GEE_Export_2025\Ordos_S2_MultiBand_2025-0000018944-0000000000.tif,EPSG:4326,EPSG:32648,714721.2086843299,4314532.979700382,721121.2086843299,4320932.979700382,10.0,train,1,0
t03_Ordos_S2_MultiBand_2025-0000018944-0000000000_r02048_c09216,E:\260827YOLORUN\GEE_Export_2025\Ordos_S2_MultiBand_2025-0000018944-0000000000.tif,EPSG:4326,EPSG:32648,719841.2086843299,4314532.979700382,726241.2086843299,4320932.979700382,10.0,train,1,0
t03_Ordos_S2_MultiBand_2025-0000018944-0000000000_r02048_c10240,E:\260827YOLORUN\GEE_Export_2025\Ordos_S2_MultiBand_2025-0000018944-0000000000.tif,EPSG:4326,EPSG:32648,730081.2086843299,4314532.979700382,736481.2086843299,4320932.979700382,10.0,train,1,0
t03_Ordos_S2_MultiBand_2025-0000018944-0000000000_r02048_c10752,E:\260827YOLORUN\GEE_Export_2025\Ordos_S2_MultiBand_2025-0000018944-0000000000.tif,EPSG:4326,EPSG:32648,735201.2086843299,4314532.979700382,741601.2086843299,4320932.979700382,10.0,train,4,0
t03_Ordos_S2_MultiBand_2025-0000018944-0000000000_r02048_c11776,E:\260827YOLORUN\GEE_Export_2025\Ordos_S2_MultiBand_2025-0000018944-0000000000.tif,EPSG:4326,EPSG:32648,745441.2086843299,4314532.979700382,751841.2086843299,4320932.979700382,10.0,train,1,0
t03_Ordos_S2_MultiBand_2025-0000018944-0000000000_r02048_c12288,E:\260827YOLORUN\GEE_Export_2025\Ordos_S2_MultiBand_2025-0000018944-0000000000.tif,EPSG:4326,EPSG:32648,750561.2086843299,4314532.979700382,756961.2086843299,4320932.979700382,10.0,train,2,0
t03_Ordos_S2_MultiBand_2025-0000018944-0000000000_r02048_c12800,E:\260827YOLORUN\GEE_Export_2025\Ordos_S2_MultiBand_2025-0000018944-0000000000.tif,EPSG:4326,EPSG:32648,755681.2086843299,4314532.979700382,762081.2086843299,4320932.979700382,10.0,train,3,0
t03_Ordos_S2_MultiBand_2025-0000018944-0000000000_r02048_c14336,E:\260827YOLORUN\GEE_Export_2025\Ordos_S2_MultiBand_2025-0000018944-0000000000.tif,EPSG:4326,EPSG:32648,771041.2086843299,4314532.979700382,777441.2086843299,4320932.979700382,10.0,train,1,0
t03_Ordos_S2_MultiBand_2025-0000018944-0000000000_r02560_c07168,E:\260827YOLORUN\GEE_Export_2025\Ordos_S2_MultiBand_2025-0000018944-0000000000.tif,EPSG:4326,EPSG:32648,699361.2086843299,4309412.979700382,705761.2086843299,4315812.979700382,10.0,train,2,0
t03_Ordos_S2_MultiBand_2025-0000018944-0000000000_r02560_c07680,E:\260827YOLORUN\GEE_Export_2025\Ordos_S2_MultiBand_2025-0000018944-0000000000.tif,EPSG:4326,EPSG:32648,704481.2086843299,4309412.979700382,710881.2086843299,4315812.979700382,10.0,train,2,0
t03_Ordos_S2_MultiBand_2025-0000018944-0000000000_r02560_c08192,E:\260827YOLORUN\GEE_Export_2025\Ordos_S2_MultiBand_2025-0000018944-0000000000.tif,EPSG:4326,EPSG:32648,709601.2086843299,4309412.979700382,716001.2086843299,4315812.979700382,10.0,train,1,0
t03_Ordos_S2_MultiBand_2025-0000018944-0000000000_r02560_c09216,E:\260827YOLORUN\GEE_Export_2025\Ordos_S2_MultiBand_2025-0000018944-0000000000.tif,EPSG:4326,EPSG:32648,719841.2086843299,4309412.979700382,726241.2086843299,4315812.979700382,10.0,train,2,0
t03_Ordos_S2_MultiBand_2025-0000018944-0000000000_r02560_c09728,E:\260827YOLORUN\GEE_Export_2025\Ordos_S2_MultiBand_2025-0000018944-0000000000.tif,EPSG:4326,EPSG:32648,724961.2086843299,4309412.979700382,731361.2086843299,4315812.979700382,10.0,train,3,0
t03_Ordos_S2_MultiBand_2025-0000018944-0000000000_r02560_c10240,E:\260827YOLORUN\GEE_Export_2025\Ordos_S2_MultiBand_2025-0000018944-0000000000.tif,EPSG:4326,EPSG:32648,730081.2086843299,4309412.979700382,736481.2086843299,4315812.979700382,10.0,train,4,0
t03_Ordos_S2_MultiBand_2025-0000018944-0000000000_r02560_c11264,E:\260827YOLORUN\GEE_Export_2025\Ordos_S2_MultiBand_2025-0000018944-0000000000.tif,EPSG:4326,EPSG:32648,740321.2086843299,4309412.979700382,746721.2086843299,4315812.979700382,10.0,train,8,0
t03_Ordos_S2_MultiBand_2025-0000018944-0000000000_r02560_c12800,E:\260827YOLORUN\GEE_Export_2025\Ordos_S2_MultiBand_2025-0000018944-0000000000.tif,EPSG:4326,EPSG:32648,755681.2086843299,4309412.979700382,762081.2086843299,4315812.979700382,10.0,train,3,0
t03_Ordos_S2_MultiBand_2025-0000018944-0000000000_r03072_c07168,E:\260827YOLORUN\GEE_Export_2025\Ordos_S2_MultiBand_2025-0000018944-0000000000.tif,EPSG:4326,EPSG:32648,699361.2086843299,4304292.979700382,705761.2086843299,4310692.979700382,10.0,train,1,0
t03_Ordos_S2_MultiBand_2025-0000018944-0000000000_r03072_c07680,E:\260827YOLORUN\GEE_Export_2025\Ordos_S2_MultiBand_2025-0000018944-0000000000.tif,EPSG:4326,EPSG:32648,704481.2086843299,4304292.979700382,710881.2086843299,4310692.979700382,10.0,train,7,0
t03_Ordos_S2_MultiBand_2025-0000018944-0000000000_r03072_c08192,E:\260827YOLORUN\GEE_Export_2025\Ordos_S2_MultiBand_2025-0000018944-0000000000.tif,EPSG:4326,EPSG:32648,709601.2086843299,4304292.979700382,716001.2086843299,4310692.979700382,10.0,train,3,0
t03_Ordos_S2_MultiBand_2025-0000018944-0000000000_r03072_c11776,E:\260827YOLORUN\GEE_Export_2025\Ordos_S2_MultiBand_2025-0000018944-0000000000.tif,EPSG:4326,EPSG:32648,745441.2086843299,4304292.979700382,751841.2086843299,4310692.979700382,10.0,train,2,0
t03_Ordos_S2_MultiBand_2025-0000018944-0000000000_r03072_c12288,E:\260827YOLORUN\GEE_Export_2025\Ordos_S2_MultiBand_2025-0000018944-0000000000.tif,EPSG:4326,EPSG:32648,750561.2086843299,4304292.979700382,756961.2086843299,4310692.979700382,10.0,train,4,0
t03_Ordos_S2_MultiBand_2025-0000018944-0000000000_r03072_c13824,E:\260827YOLORUN\GEE_Export_2025\Ordos_S2_MultiBand_2025-0000018944-0000000000.tif,EPSG:4326,EPSG:32648,765921.2086843299,4304292.979700382,772321.2086843299,4310692.979700382,10.0,train,2,0
t03_Ordos_S2_MultiBand_2025-0000018944-0000000000_r03072_c14660,E:\260827YOLORUN\GEE_Export_2025\Ordos_S2_MultiBand_2025-0000018944-0000000000.tif,EPSG:4326,EPSG:32648,774281.2086843299,4304292.979700382,780681.2086843299,4310692.979700382,10.0,train,8,0
t03_Ordos_S2_MultiBand_2025-0000018944-0000000000_r03584_c08192,E:\260827YOLORUN\GEE_Export_2025\Ordos_S2_MultiBand_2025-0000018944-0000000000.tif,EPSG:4326,EPSG:32648,709601.2086843299,4299172.979700382,716001.2086843299,4305572.979700382,10.0,train,3,0
t03_Ordos_S2_MultiBand_2025-0000018944-0000000000_r03584_c13824,E:\260827YOLORUN\GEE_Export_2025\Ordos_S2_MultiBand_2025-0000018944-0000000000.tif,EPSG:4326,EPSG:32648,765921.2086843299,4299172.979700382,772321.2086843299,4305572.979700382,10.0,train,1,0
t03_Ordos_S2_MultiBand_2025-0000018944-0000000000_r03584_c14336,E:\260827YOLORUN\GEE_Export_2025\Ordos_S2_MultiBand_2025-0000018944-0000000000.tif,EPSG:4326,EPSG:32648,771041.2086843299,4299172.979700382,777441.2086843299,4305572.979700382,10.0,train,3,0
t03_Ordos_S2_MultiBand_2025-0000018944-0000000000_r04096_c07680,E:\260827YOLORUN\GEE_Export_2025\Ordos_S2_MultiBand_2025-0000018944-0000000000.tif,EPSG:4326,EPSG:32648,704481.2086843299,4294052.979700382,710881.2086843299,4300452.979700382,10.0,train,5,0
t03_Ordos_S2_MultiBand_2025-0000018944-0000000000_r04096_c08192,E:\260827YOLORUN\GEE_Export_2025\Ordos_S2_MultiBand_2025-0000018944-0000000000.tif,EPSG:4326,EPSG:32648,709601.2086843299,4294052.979700382,716001.2086843299,4300452.979700382,10.0,train,1,0
t03_Ordos_S2_MultiBand_2025-0000018944-0000000000_r04096_c13824,E:\260827YOLORUN\GEE_Export_2025\Ordos_S2_MultiBand_2025-0000018944-0000000000.tif,EPSG:4326,EPSG:32648,765921.2086843299,4294052.979700382,772321.2086843299,4300452.979700382,10.0,train,2,0
t03_Ordos_S2_MultiBand_2025-0000018944-0000000000_r04096_c14336,E:\260827YOLORUN\GEE_Export_2025\Ordos_S2_MultiBand_2025-0000018944-0000000000.tif,EPSG:4326,EPSG:32648,771041.2086843299,4294052.979700382,777441.2086843299,4300452.979700382,10.0,train,6,0
t03_Ordos_S2_MultiBand_2025-0000018944-0000000000_r04608_c08192,E:\260827YOLORUN\GEE_Export_2025\Ordos_S2_MultiBand_2025-0000018944-0000000000.tif,EPSG:4326,EPSG:32648,709601.2086843299,4288932.979700382,716001.2086843299,4295332.979700382,10.0,train,2,0
t03_Ordos_S2_MultiBand_2025-0000018944-0000000000_r04608_c08704,E:\260827YOLORUN\GEE_Export_2025\Ordos_S2_MultiBand_2025-0000018944-0000000000.tif,EPSG:4326,EPSG:32648,714721.2086843299,4288932.979700382,721121.2086843299,4295332.979700382,10.0,train,3,0
t03_Ordos_S2_MultiBand_2025-0000018944-0000000000_r04608_c09216,E:\260827YOLORUN\GEE_Export_2025\Ordos_S2_MultiBand_2025-0000018944-0000000000.tif,EPSG:4326,EPSG:32648,719841.2086843299,4288932.979700382,726241.2086843299,4295332.979700382,10.0,train,1,0
t03_Ordos_S2_MultiBand_2025-0000018944-0000000000_r04608_c09728,E:\260827YOLORUN\GEE_Export_2025\Ordos_S2_MultiBand_2025-0000018944-0000000000.tif,EPSG:4326,EPSG:32648,724961.2086843299,4288932.979700382,731361.2086843299,4295332.979700382,10.0,train,1,0
t03_Ordos_S2_MultiBand_2025-0000018944-0000000000_r04608_c13824,E:\260827YOLORUN\GEE_Export_2025\Ordos_S2_MultiBand_2025-0000018944-0000000000.tif,EPSG:4326,EPSG:32648,765921.2086843299,4288932.979700382,772321.2086843299,4295332.979700382,10.0,train,1,0
t03_Ordos_S2_MultiBand_2025-0000018944-0000000000_r04608_c14336,E:\260827YOLORUN\GEE_Export_2025\Ordos_S2_MultiBand_2025-0000018944-0000000000.tif,EPSG:4326,EPSG:32648,771041.2086843299,4288932.979700382,777441.2086843299,4295332.979700382,10.0,train,2,0
t03_Ordos_S2_MultiBand_2025-0000018944-0000000000_r04608_c14660,E:\260827YOLORUN\GEE_Export_2025\Ordos_S2_MultiBand_2025-0000018944-0000000000.tif,EPSG:4326,EPSG:32648,774281.2086843299,4288932.979700382,780681.2086843299,4295332.979700382,10.0,train,2,0
t03_Ordos_S2_MultiBand_2025-0000018944-0000000000_r05120_c08192,E:\260827YOLORUN\GEE_Export_2025\Ordos_S2_MultiBand_2025-0000018944-0000000000.tif,EPSG:4326,EPSG:32648,709601.2086843299,4283812.979700382,716001.2086843299,4290212.979700382,10.0,train,1,0
t03_Ordos_S2_MultiBand_2025-0000018944-0000000000_r05120_c08704,E:\260827YOLORUN\GEE_Export_2025\Ordos_S2_MultiBand_2025-0000018944-0000000000.tif,EPSG:4326,EPSG:32648,714721.2086843299,4283812.979700382,721121.2086843299,4290212.979700382,10.0,train,3,0
t03_Ordos_S2_MultiBand_2025-0000018944-0000000000_r05120_c13312,E:\260827YOLORUN\GEE_Export_2025\Ordos_S2_MultiBand_2025-0000018944-0000000000.tif,EPSG:4326,EPSG:32648,760801.2086843299,4283812.979700382,767201.2086843299,4290212.979700382,10.0,train,3,0
t03_Ordos_S2_MultiBand_2025-0000018944-0000000000_r05120_c13824,E:\260827YOLORUN\GEE_Export_2025\Ordos_S2_MultiBand_2025-0000018944-0000000000.tif,EPSG:4326,EPSG:32648,765921.2086843299,4283812.979700382,772321.2086843299,4290212.979700382,10.0,train,3,0
t03_Ordos_S2_MultiBand_2025-0000018944-0000000000_r05120_c14336,E:\260827YOLORUN\GEE_Export_2025\Ordos_S2_MultiBand_2025-0000018944-0000000000.tif,EPSG:4326,EPSG:32648,771041.2086843299,4283812.979700382,777441.2086843299,4290212.979700382,10.0,train,1,0
t03_Ordos_S2_MultiBand_2025-0000018944-0000000000_r05632_c08192,E:\260827YOLORUN\GEE_Export_2025\Ordos_S2_MultiBand_2025-0000018944-0000000000.tif,EPSG:4326,EPSG:32648,709601.2086843299,4278692.979700382,716001.2086843299,4285092.979700382,10.0,train,1,0
t03_Ordos_S2_MultiBand_2025-0000018944-0000000000_r05632_c08704,E:\260827YOLORUN\GEE_Export_2025\Ordos_S2_MultiBand_2025-0000018944-0000000000.tif,EPSG:4326,EPSG:32648,714721.2086843299,4278692.979700382,721121.2086843299,4285092.979700382,10.0,train,1,0
t03_Ordos_S2_MultiBand_2025-0000018944-0000000000_r05632_c10240,E:\260827YOLORUN\GEE_Export_2025\Ordos_S2_MultiBand_2025-0000018944-0000000000.tif,EPSG:4326,EPSG:32648,730081.2086843299,4278692.979700382,736481.2086843299,4285092.979700382,10.0,train,2,0
t03_Ordos_S2_MultiBand_2025-0000018944-0000000000_r05632_c12800,E:\260827YOLORUN\GEE_Export_2025\Ordos_S2_MultiBand_2025-0000018944-0000000000.tif,EPSG:4326,EPSG:32648,755681.2086843299,4278692.979700382,762081.2086843299,4285092.979700382,10.0,train,1,0
t03_Ordos_S2_MultiBand_2025-0000018944-0000000000_r05632_c13824,E:\260827YOLORUN\GEE_Export_2025\Ordos_S2_MultiBand_2025-0000018944-0000000000.tif,EPSG:4326,EPSG:32648,765921.2086843299,4278692.979700382,772321.2086843299,4285092.979700382,10.0,train,2,0
t03_Ordos_S2_MultiBand_2025-0000018944-0000000000_r05632_c14336,E:\260827YOLORUN\GEE_Export_2025\Ordos_S2_MultiBand_2025-0000018944-0000000000.tif,EPSG:4326,EPSG:32648,771041.2086843299,4278692.979700382,777441.2086843299,4285092.979700382,10.0,train,2,0
t03_Ordos_S2_MultiBand_2025-0000018944-0000000000_r05632_c14660,E:\260827YOLORUN\GEE_Export_2025\Ordos_S2_MultiBand_2025-0000018944-0000000000.tif,EPSG:4326,EPSG:32648,774281.2086843299,4278692.979700382,780681.2086843299,4285092.979700382,10.0,train,6,0
t03_Ordos_S2_MultiBand_2025-0000018944-0000000000_r06144_c08704,E:\260827YOLORUN\GEE_Export_2025\Ordos_S2_MultiBand_2025-0000018944-0000000000.tif,EPSG:4326,EPSG:32648,714721.2086843299,4273572.979700382,721121.2086843299,4279972.979700382,10.0,train,1,0
t03_Ordos_S2_MultiBand_2025-0000018944-0000000000_r06144_c09728,E:\260827YOLORUN\GEE_Export_2025\Ordos_S2_MultiBand_2025-0000018944-0000000000.tif,EPSG:4326,EPSG:32648,724961.2086843299,4273572.979700382,731361.2086843299,4279972.979700382,10.0,train,3,0
t03_Ordos_S2_MultiBand_2025-0000018944-0000000000_r06144_c13312,E:\260827YOLORUN\GEE_Export_2025\Ordos_S2_MultiBand_2025-0000018944-0000000000.tif,EPSG:4326,EPSG:32648,760801.2086843299,4273572.979700382,767201.2086843299,4279972.979700382,10.0,train,1,0
t03_Ordos_S2_MultiBand_2025-0000018944-0000000000_r06144_c14336,E:\260827YOLORUN\GEE_Export_2025\Ordos_S2_MultiBand_2025-0000018944-0000000000.tif,EPSG:4326,EPSG:32648,771041.2086843299,4273572.979700382,777441.2086843299,4279972.979700382,10.0,train,1,0
t03_Ordos_S2_MultiBand_2025-0000018944-0000000000_r06144_c14660,E:\260827YOLORUN\GEE_Export_2025\Ordos_S2_MultiBand_2025-0000018944-0000000000.tif,EPSG:4326,EPSG:32648,774281.2086843299,4273572.979700382,780681.2086843299,4279972.979700382,10.0,train,1,0
t03_Ordos_S2_MultiBand_2025-0000018944-0000000000_r06656_c08192,E:\260827YOLORUN\GEE_Export_2025\Ordos_S2_MultiBand_2025-0000018944-0000000000.tif,EPSG:4326,EPSG:32648,709601.2086843299,4268452.979700382,716001.2086843299,4274852.979700382,10.0,train,10,0
t03_Ordos_S2_MultiBand_2025-0000018944-0000000000_r06656_c08704,E:\260827YOLORUN\GEE_Export_2025\Ordos_S2_MultiBand_2025-0000018944-0000000000.tif,EPSG:4326,EPSG:32648,714721.2086843299,4268452.979700382,721121.2086843299,4274852.979700382,10.0,train,1,0
t03_Ordos_S2_MultiBand_2025-0000018944-0000000000_r06656_c09728,E:\260827YOLORUN\GEE_Export_2025\Ordos_S2_MultiBand_2025-0000018944-0000000000.tif,EPSG:4326,EPSG:32648,724961.2086843299,4268452.979700382,731361.2086843299,4274852.979700382,10.0,train,3,0
t03_Ordos_S2_MultiBand_2025-0000018944-0000000000_r06656_c10240,E:\260827YOLORUN\GEE_Export_2025\Ordos_S2_MultiBand_2025-0000018944-0000000000.tif,EPSG:4326,EPSG:32648,730081.2086843299,4268452.979700382,736481.2086843299,4274852.979700382,10.0,train,5,0
t03_Ordos_S2_MultiBand_2025-0000018944-0000000000_r07168_c04608,E:\260827YOLORUN\GEE_Export_2025\Ordos_S2_MultiBand_2025-0000018944-0000000000.tif,EPSG:4326,EPSG:32648,673761.2086843299,4263332.979700382,680161.2086843299,4269732.979700382,10.0,train,1,0
t03_Ordos_S2_MultiBand_2025-0000018944-0000000000_r07168_c05120,E:\260827YOLORUN\GEE_Export_2025\Ordos_S2_MultiBand_2025-0000018944-0000000000.tif,EPSG:4326,EPSG:32648,678881.2086843299,4263332.979700382,685281.2086843299,4269732.979700382,10.0,train,1,0
t03_Ordos_S2_MultiBand_2025-0000018944-0000000000_r07680_c08192,E:\260827YOLORUN\GEE_Export_2025\Ordos_S2_MultiBand_2025-0000018944-0000000000.tif,EPSG:4326,EPSG:32648,709601.2086843299,4258212.979700382,716001.2086843299,4264612.979700382,10.0,train,4,0
t03_Ordos_S2_MultiBand_2025-0000018944-0000000000_r07680_c11264,E:\260827YOLORUN\GEE_Export_2025\Ordos_S2_MultiBand_2025-0000018944-0000000000.tif,EPSG:4326,EPSG:32648,740321.2086843299,4258212.979700382,746721.2086843299,4264612.979700382,10.0,train,1,0
t03_Ordos_S2_MultiBand_2025-0000018944-0000000000_r07680_c11776,E:\260827YOLORUN\GEE_Export_2025\Ordos_S2_MultiBand_2025-0000018944-0000000000.tif,EPSG:4326,EPSG:32648,745441.2086843299,4258212.979700382,751841.2086843299,4264612.979700382,10.0,train,2,0
t03_Ordos_S2_MultiBand_2025-0000018944-0000000000_r07680_c12288,E:\260827YOLORUN\GEE_Export_2025\Ordos_S2_MultiBand_2025-0000018944-0000000000.tif,EPSG:4326,EPSG:32648,750561.2086843299,4258212.979700382,756961.2086843299,4264612.979700382,10.0,train,4,0
t03_Ordos_S2_MultiBand_2025-0000018944-0000000000_r07680_c12800,E:\260827YOLORUN\GEE_Export_2025\Ordos_S2_MultiBand_2025-0000018944-0000000000.tif,EPSG:4326,EPSG:32648,755681.2086843299,4258212.979700382,762081.2086843299,4264612.979700382,10.0,train,1,0
t03_Ordos_S2_MultiBand_2025-0000018944-0000000000_r08192_c08192,E:\260827YOLORUN\GEE_Export_2025\Ordos_S2_MultiBand_2025-0000018944-0000000000.tif,EPSG:4326,EPSG:32648,709601.2086843299,4253092.979700382,716001.2086843299,4259492.979700382,10.0,train,6,0
t03_Ordos_S2_MultiBand_2025-0000018944-0000000000_r08192_c08704,E:\260827YOLORUN\GEE_Export_2025\Ordos_S2_MultiBand_2025-0000018944-0000000000.tif,EPSG:4326,EPSG:32648,714721.2086843299,4253092.979700382,721121.2086843299,4259492.979700382,10.0,train,3,0
t03_Ordos_S2_MultiBand_2025-0000018944-0000000000_r08192_c10240,E:\260827YOLORUN\GEE_Export_2025\Ordos_S2_MultiBand_2025-0000018944-0000000000.tif,EPSG:4326,EPSG:32648,730081.2086843299,4253092.979700382,736481.2086843299,4259492.979700382,10.0,train,5,0
t03_Ordos_S2_MultiBand_2025-0000018944-0000000000_r08192_c10752,E:\260827YOLORUN\GEE_Export_2025\Ordos_S2_MultiBand_2025-0000018944-0000000000.tif,EPSG:4326,EPSG:32648,735201.2086843299,4253092.979700382,741601.2086843299,4259492.979700382,10.0,train,2,0
t03_Ordos_S2_MultiBand_2025-0000018944-0000000000_r08192_c11264,E:\260827YOLORUN\GEE_Export_2025\Ordos_S2_MultiBand_2025-0000018944-0000000000.tif,EPSG:4326,EPSG:32648,740321.2086843299,4253092.979700382,746721.2086843299,4259492.979700382,10.0,train,1,0
t03_Ordos_S2_MultiBand_2025-0000018944-0000000000_r08192_c11776,E:\260827YOLORUN\GEE_Export_2025\Ordos_S2_MultiBand_2025-0000018944-0000000000.tif,EPSG:4326,EPSG:32648,745441.2086843299,4253092.979700382,751841.2086843299,4259492.979700382,10.0,train,2,0
t03_Ordos_S2_MultiBand_2025-0000018944-0000000000_r08192_c12800,E:\260827YOLORUN\GEE_Export_2025\Ordos_S2_MultiBand_2025-0000018944-0000000000.tif,EPSG:4326,EPSG:32648,755681.2086843299,4253092.979700382,762081.2086843299,4259492.979700382,10.0,train,5,0
t03_Ordos_S2_MultiBand_2025-0000018944-0000000000_r08192_c13824,E:\260827YOLORUN\GEE_Export_2025\Ordos_S2_MultiBand_2025-0000018944-0000000000.tif,EPSG:4326,EPSG:32648,765921.2086843299,4253092.979700382,772321.2086843299,4259492.979700382,10.0,train,5,0
t03_Ordos_S2_MultiBand_2025-0000018944-0000000000_r08192_c14336,E:\260827YOLORUN\GEE_Export_2025\Ordos_S2_MultiBand_2025-0000018944-0000000000.tif,EPSG:4326,EPSG:32648,771041.2086843299,4253092.979700382,777441.2086843299,4259492.979700382,10.0,train,2,0
t03_Ordos_S2_MultiBand_2025-0000018944-0000000000_r08704_c10752,E:\260827YOLORUN\GEE_Export_2025\Ordos_S2_MultiBand_2025-0000018944-0000000000.tif,EPSG:4326,EPSG:32648,735201.2086843299,4247972.979700382,741601.2086843299,4254372.979700382,10.0,train,4,0
t03_Ordos_S2_MultiBand_2025-0000018944-0000000000_r08704_c11264,E:\260827YOLORUN\GEE_Export_2025\Ordos_S2_MultiBand_2025-0000018944-0000000000.tif,EPSG:4326,EPSG:32648,740321.2086843299,4247972.979700382,746721.2086843299,4254372.979700382,10.0,train,2,0
t03_Ordos_S2_MultiBand_2025-0000018944-0000000000_r08704_c12800,E:\260827YOLORUN\GEE_Export_2025\Ordos_S2_MultiBand_2025-0000018944-0000000000.tif,EPSG:4326,EPSG:32648,755681.2086843299,4247972.979700382,762081.2086843299,4254372.979700382,10.0,train,5,0
t03_Ordos_S2_MultiBand_2025-0000018944-0000000000_r08704_c13312,E:\260827YOLORUN\GEE_Export_2025\Ordos_S2_MultiBand_2025-0000018944-0000000000.tif,EPSG:4326,EPSG:32648,760801.2086843299,4247972.979700382,767201.2086843299,4254372.979700382,10.0,train,3,0
t03_Ordos_S2_MultiBand_2025-0000018944-0000000000_r08704_c14336,E:\260827YOLORUN\GEE_Export_2025\Ordos_S2_MultiBand_2025-0000018944-0000000000.tif,EPSG:4326,EPSG:32648,771041.2086843299,4247972.979700382,777441.2086843299,4254372.979700382,10.0,train,2,0
t03_Ordos_S2_MultiBand_2025-0000018944-0000000000_r08704_c14660,E:\260827YOLORUN\GEE_Export_2025\Ordos_S2_MultiBand_2025-0000018944-0000000000.tif,EPSG:4326,EPSG:32648,774281.2086843299,4247972.979700382,780681.2086843299,4254372.979700382,10.0,train,3,0
t03_Ordos_S2_MultiBand_2025-0000018944-0000000000_r09216_c00000,E:\260827YOLORUN\GEE_Export_2025\Ordos_S2_MultiBand_2025-0000018944-0000000000.tif,EPSG:4326,EPSG:32648,627681.2086843299,4242852.979700382,634081.2086843299,4249252.979700382,10.0,train,3,0
t03_Ordos_S2_MultiBand_2025-0000018944-0000000000_r09216_c01024,E:\260827YOLORUN\GEE_Export_2025\Ordos_S2_MultiBand_2025-0000018944-0000000000.tif,EPSG:4326,EPSG:32648,637921.2086843299,4242852.979700382,644321.2086843299,4249252.979700382,10.0,train,2,0
t03_Ordos_S2_MultiBand_2025-0000018944-0000000000_r09216_c07680,E:\260827YOLORUN\GEE_Export_2025\Ordos_S2_MultiBand_2025-0000018944-0000000000.tif,EPSG:4326,EPSG:32648,704481.2086843299,4242852.979700382,710881.2086843299,4249252.979700382,10.0,train,7,0
t03_Ordos_S2_MultiBand_2025-0000018944-0000000000_r09216_c10240,E:\260827YOLORUN\GEE_Export_2025\Ordos_S2_MultiBand_2025-0000018944-0000000000.tif,EPSG:4326,EPSG:32648,730081.2086843299,4242852.979700382,736481.2086843299,4249252.979700382,10.0,train,2,0
t03_Ordos_S2_MultiBand_2025-0000018944-0000000000_r09216_c10752,E:\260827YOLORUN\GEE_Export_2025\Ordos_S2_MultiBand_2025-0000018944-0000000000.tif,EPSG:4326,EPSG:32648,735201.2086843299,4242852.979700382,741601.2086843299,4249252.979700382,10.0,train,1,0
t03_Ordos_S2_MultiBand_2025-0000018944-0000000000_r09216_c11776,E:\260827YOLORUN\GEE_Export_2025\Ordos_S2_MultiBand_2025-0000018944-0000000000.tif,EPSG:4326,EPSG:32648,745441.2086843299,4242852.979700382,751841.2086843299,4249252.979700382,10.0,train,3,0
t03_Ordos_S2_MultiBand_2025-0000018944-0000000000_r09216_c12288,E:\260827YOLORUN\GEE_Export_2025\Ordos_S2_MultiBand_2025-0000018944-0000000000.tif,EPSG:4326,EPSG:32648,750561.2086843299,4242852.979700382,756961.2086843299,4249252.979700382,10.0,train,2,0
t03_Ordos_S2_MultiBand_2025-0000018944-0000000000_r09216_c14660,E:\260827YOLORUN\GEE_Export_2025\Ordos_S2_MultiBand_2025-0000018944-0000000000.tif,EPSG:4326,EPSG:32648,774281.2086843299,4242852.979700382,780681.2086843299,4249252.979700382,10.0,train,3,0
t03_Ordos_S2_MultiBand_2025-0000018944-0000000000_r09728_c01536,E:\260827YOLORUN\GEE_Export_2025\Ordos_S2_MultiBand_2025-0000018944-0000000000.tif,EPSG:4326,EPSG:32648,643041.2086843299,4237732.979700382,649441.2086843299,4244132.979700382,10.0,train,1,0
t03_Ordos_S2_MultiBand_2025-0000018944-0000000000_r09728_c02048,E:\260827YOLORUN\GEE_Export_2025\Ordos_S2_MultiBand_2025-0000018944-0000000000.tif,EPSG:4326,EPSG:32648,648161.2086843299,4237732.979700382,654561.2086843299,4244132.979700382,10.0,train,3,0
t03_Ordos_S2_MultiBand_2025-0000018944-0000000000_r09728_c02560,E:\260827YOLORUN\GEE_Export_2025\Ordos_S2_MultiBand_2025-0000018944-0000000000.tif,EPSG:4326,EPSG:32648,653281.2086843299,4237732.979700382,659681.2086843299,4244132.979700382,10.0,train,1,0
t03_Ordos_S2_MultiBand_2025-0000018944-0000000000_r09728_c04608,E:\260827YOLORUN\GEE_Export_2025\Ordos_S2_MultiBand_2025-0000018944-0000000000.tif,EPSG:4326,EPSG:32648,673761.2086843299,4237732.979700382,680161.2086843299,4244132.979700382,10.0,train,3,0
t03_Ordos_S2_MultiBand_2025-0000018944-0000000000_r09728_c05120,E:\260827YOLORUN\GEE_Export_2025\Ordos_S2_MultiBand_2025-0000018944-0000000000.tif,EPSG:4326,EPSG:32648,678881.2086843299,4237732.979700382,685281.2086843299,4244132.979700382,10.0,train,3,0
t03_Ordos_S2_MultiBand_2025-0000018944-0000000000_r09728_c08192,E:\260827YOLORUN\GEE_Export_2025\Ordos_S2_MultiBand_2025-0000018944-0000000000.tif,EPSG:4326,EPSG:32648,709601.2086843299,4237732.979700382,716001.2086843299,4244132.979700382,10.0,train,6,0
t03_Ordos_S2_MultiBand_2025-0000018944-0000000000_r09728_c08704,E:\260827YOLORUN\GEE_Export_2025\Ordos_S2_MultiBand_2025-0000018944-0000000000.tif,EPSG:4326,EPSG:32648,714721.2086843299,4237732.979700382,721121.2086843299,4244132.979700382,10.0,train,5,0
t03_Ordos_S2_MultiBand_2025-0000018944-0000000000_r09728_c09216,E:\260827YOLORUN\GEE_Export_2025\Ordos_S2_MultiBand_2025-0000018944-0000000000.tif,EPSG:4326,EPSG:32648,719841.2086843299,4237732.979700382,726241.2086843299,4244132.979700382,10.0,train,1,0
t03_Ordos_S2_MultiBand_2025-0000018944-0000000000_r09728_c09728,E:\260827YOLORUN\GEE_Export_2025\Ordos_S2_MultiBand_2025-0000018944-0000000000.tif,EPSG:4326,EPSG:32648,724961.2086843299,4237732.979700382,731361.2086843299,4244132.979700382,10.0,train,1,0
t03_Ordos_S2_MultiBand_2025-0000018944-0000000000_r09728_c11264,E:\260827YOLORUN\GEE_Export_2025\Ordos_S2_MultiBand_2025-0000018944-0000000000.tif,EPSG:4326,EPSG:32648,740321.2086843299,4237732.979700382,746721.2086843299,4244132.979700382,10.0,train,2,0
t03_Ordos_S2_MultiBand_2025-0000018944-0000000000_r09728_c11776,E:\260827YOLORUN\GEE_Export_2025\Ordos_S2_MultiBand_2025-0000018944-0000000000.tif,EPSG:4326,EPSG:32648,745441.2086843299,4237732.979700382,751841.2086843299,4244132.979700382,10.0,train,6,0
t03_Ordos_S2_MultiBand_2025-0000018944-0000000000_r09728_c12800,E:\260827YOLORUN\GEE_Export_2025\Ordos_S2_MultiBand_2025-0000018944-0000000000.tif,EPSG:4326,EPSG:32648,755681.2086843299,4237732.979700382,762081.2086843299,4244132.979700382,10.0,train,3,0
t03_Ordos_S2_MultiBand_2025-0000018944-0000000000_r09728_c13312,E:\260827YOLORUN\GEE_Export_2025\Ordos_S2_MultiBand_2025-0000018944-0000000000.tif,EPSG:4326,EPSG:32648,760801.2086843299,4237732.979700382,767201.2086843299,4244132.979700382,10.0,train,15,0
t03_Ordos_S2_MultiBand_2025-0000018944-0000000000_r09728_c13824,E:\260827YOLORUN\GEE_Export_2025\Ordos_S2_MultiBand_2025-0000018944-0000000000.tif,EPSG:4326,EPSG:32648,765921.2086843299,4237732.979700382,772321.2086843299,4244132.979700382,10.0,train,6,0
t03_Ordos_S2_MultiBand_2025-0000018944-0000000000_r09728_c14336,E:\260827YOLORUN\GEE_Export_2025\Ordos_S2_MultiBand_2025-0000018944-0000000000.tif,EPSG:4326,EPSG:32648,771041.2086843299,4237732.979700382,777441.2086843299,4244132.979700382,10.0,train,10,0
t03_Ordos_S2_MultiBand_2025-0000018944-0000000000_r09728_c14660,E:\260827YOLORUN\GEE_Export_2025\Ordos_S2_MultiBand_2025-0000018944-0000000000.tif,EPSG:4326,EPSG:32648,774281.2086843299,4237732.979700382,780681.2086843299,4244132.979700382,10.0,train,11,0
t03_Ordos_S2_MultiBand_2025-0000018944-0000000000_r10240_c02048,E:\260827YOLORUN\GEE_Export_2025\Ordos_S2_MultiBand_2025-0000018944-0000000000.tif,EPSG:4326,EPSG:32648,648161.2086843299,4232612.979700382,654561.2086843299,4239012.979700382,10.0,train,6,0
t03_Ordos_S2_MultiBand_2025-0000018944-0000000000_r10240_c02560,E:\260827YOLORUN\GEE_Export_2025\Ordos_S2_MultiBand_2025-0000018944-0000000000.tif,EPSG:4326,EPSG:32648,653281.2086843299,4232612.979700382,659681.2086843299,4239012.979700382,10.0,train,2,0
t03_Ordos_S2_MultiBand_2025-0000018944-0000000000_r10240_c04096,E:\260827YOLORUN\GEE_Export_2025\Ordos_S2_MultiBand_2025-0000018944-0000000000.tif,EPSG:4326,EPSG:32648,668641.2086843299,4232612.979700382,675041.2086843299,4239012.979700382,10.0,train,8,0
t03_Ordos_S2_MultiBand_2025-0000018944-0000000000_r10240_c04608,E:\260827YOLORUN\GEE_Export_2025\Ordos_S2_MultiBand_2025-0000018944-0000000000.tif,EPSG:4326,EPSG:32648,673761.2086843299,4232612.979700382,680161.2086843299,4239012.979700382,10.0,train,3,0
t03_Ordos_S2_MultiBand_2025-0000018944-0000000000_r10240_c05120,E:\260827YOLORUN\GEE_Export_2025\Ordos_S2_MultiBand_2025-0000018944-0000000000.tif,EPSG:4326,EPSG:32648,678881.2086843299,4232612.979700382,685281.2086843299,4239012.979700382,10.0,train,9,0
t03_Ordos_S2_MultiBand_2025-0000018944-0000000000_r10240_c05632,E:\260827YOLORUN\GEE_Export_2025\Ordos_S2_MultiBand_2025-0000018944-0000000000.tif,EPSG:4326,EPSG:32648,684001.2086843299,4232612.979700382,690401.2086843299,4239012.979700382,10.0,train,1,0
t03_Ordos_S2_MultiBand_2025-0000018944-0000000000_r10240_c07680,E:\260827YOLORUN\GEE_Export_2025\Ordos_S2_MultiBand_2025-0000018944-0000000000.tif,EPSG:4326,EPSG:32648,704481.2086843299,4232612.979700382,710881.2086843299,4239012.979700382,10.0,train,7,0
t03_Ordos_S2_MultiBand_2025-0000018944-0000000000_r10240_c08192,E:\260827YOLORUN\GEE_Export_2025\Ordos_S2_MultiBand_2025-0000018944-0000000000.tif,EPSG:4326,EPSG:32648,709601.2086843299,4232612.979700382,716001.2086843299,4239012.979700382,10.0,train,3,0
t03_Ordos_S2_MultiBand_2025-0000018944-0000000000_r10240_c09216,E:\260827YOLORUN\GEE_Export_2025\Ordos_S2_MultiBand_2025-0000018944-0000000000.tif,EPSG:4326,EPSG:32648,719841.2086843299,4232612.979700382,726241.2086843299,4239012.979700382,10.0,train,5,0
t03_Ordos_S2_MultiBand_2025-0000018944-0000000000_r10752_c02048,E:\260827YOLORUN\GEE_Export_2025\Ordos_S2_MultiBand_2025-0000018944-0000000000.tif,EPSG:4326,EPSG:32648,648161.2086843299,4227492.979700382,654561.2086843299,4233892.979700382,10.0,train,1,0
t03_Ordos_S2_MultiBand_2025-0000018944-0000000000_r10752_c02560,E:\260827YOLORUN\GEE_Export_2025\Ordos_S2_MultiBand_2025-0000018944-0000000000.tif,EPSG:4326,EPSG:32648,653281.2086843299,4227492.979700382,659681.2086843299,4233892.979700382,10.0,train,1,0
t03_Ordos_S2_MultiBand_2025-0000018944-0000000000_r10752_c03584,E:\260827YOLORUN\GEE_Export_2025\Ordos_S2_MultiBand_2025-0000018944-0000000000.tif,EPSG:4326,EPSG:32648,663521.2086843299,4227492.979700382,669921.2086843299,4233892.979700382,10.0,train,1,0
t03_Ordos_S2_MultiBand_2025-0000018944-0000000000_r10752_c04608,E:\260827YOLORUN\GEE_Export_2025\Ordos_S2_MultiBand_2025-0000018944-0000000000.tif,EPSG:4326,EPSG:32648,673761.2086843299,4227492.979700382,680161.2086843299,4233892.979700382,10.0,train,1,0
t03_Ordos_S2_MultiBand_2025-0000018944-0000000000_r10752_c05632,E:\260827YOLORUN\GEE_Export_2025\Ordos_S2_MultiBand_2025-0000018944-0000000000.tif,EPSG:4326,EPSG:32648,684001.2086843299,4227492.979700382,690401.2086843299,4233892.979700382,10.0,train,1,0
t03_Ordos_S2_MultiBand_2025-0000018944-0000000000_r10752_c07168,E:\260827YOLORUN\GEE_Export_2025\Ordos_S2_MultiBand_2025-0000018944-0000000000.tif,EPSG:4326,EPSG:32648,699361.2086843299,4227492.979700382,705761.2086843299,4233892.979700382,10.0,train,1,0
t03_Ordos_S2_MultiBand_2025-0000018944-0000000000_r10752_c08192,E:\260827YOLORUN\GEE_Export_2025\Ordos_S2_MultiBand_2025-0000018944-0000000000.tif,EPSG:4326,EPSG:32648,709601.2086843299,4227492.979700382,716001.2086843299,4233892.979700382,10.0,train,3,0
t03_Ordos_S2_MultiBand_2025-0000018944-0000000000_r10752_c08704,E:\260827YOLORUN\GEE_Export_2025\Ordos_S2_MultiBand_2025-0000018944-0000000000.tif,EPSG:4326,EPSG:32648,714721.2086843299,4227492.979700382,721121.2086843299,4233892.979700382,10.0,train,2,0
t03_Ordos_S2_MultiBand_2025-0000018944-0000000000_r10752_c09216,E:\260827YOLORUN\GEE_Export_2025\Ordos_S2_MultiBand_2025-0000018944-0000000000.tif,EPSG:4326,EPSG:32648,719841.2086843299,4227492.979700382,726241.2086843299,4233892.979700382,10.0,train,5,0
t03_Ordos_S2_MultiBand_2025-0000018944-0000000000_r10752_c09728,E:\260827YOLORUN\GEE_Export_2025\Ordos_S2_MultiBand_2025-0000018944-0000000000.tif,EPSG:4326,EPSG:32648,724961.2086843299,4227492.979700382,731361.2086843299,4233892.979700382,10.0,train,2,0
t03_Ordos_S2_MultiBand_2025-0000018944-0000000000_r10752_c10752,E:\260827YOLORUN\GEE_Export_2025\Ordos_S2_MultiBand_2025-0000018944-0000000000.tif,EPSG:4326,EPSG:32648,735201.2086843299,4227492.979700382,741601.2086843299,4233892.979700382,10.0,train,4,0
t03_Ordos_S2_MultiBand_2025-0000018944-0000000000_r10752_c13824,E:\260827YOLORUN\GEE_Export_2025\Ordos_S2_MultiBand_2025-0000018944-0000000000.tif,EPSG:4326,EPSG:32648,765921.2086843299,4227492.979700382,772321.2086843299,4233892.979700382,10.0,train,11,0
t03_Ordos_S2_MultiBand_2025-0000018944-0000000000_r11264_c05120,E:\260827YOLORUN\GEE_Export_2025\Ordos_S2_MultiBand_2025-0000018944-0000000000.tif,EPSG:4326,EPSG:32648,678881.2086843299,4222372.979700382,685281.2086843299,4228772.979700382,10.0,train,1,0
t03_Ordos_S2_MultiBand_2025-0000018944-0000000000_r11264_c07168,E:\260827YOLORUN\GEE_Export_2025\Ordos_S2_MultiBand_2025-0000018944-0000000000.tif,EPSG:4326,EPSG:32648,699361.2086843299,4222372.979700382,705761.2086843299,4228772.979700382,10.0,train,1,0
t03_Ordos_S2_MultiBand_2025-0000018944-0000000000_r11264_c07680,E:\260827YOLORUN\GEE_Export_2025\Ordos_S2_MultiBand_2025-0000018944-0000000000.tif,EPSG:4326,EPSG:32648,704481.2086843299,4222372.979700382,710881.2086843299,4228772.979700382,10.0,train,3,0
t03_Ordos_S2_MultiBand_2025-0000018944-0000000000_r11264_c08192,E:\260827YOLORUN\GEE_Export_2025\Ordos_S2_MultiBand_2025-0000018944-0000000000.tif,EPSG:4326,EPSG:32648,709601.2086843299,4222372.979700382,716001.2086843299,4228772.979700382,10.0,train,5,0
t03_Ordos_S2_MultiBand_2025-0000018944-0000000000_r11264_c08704,E:\260827YOLORUN\GEE_Export_2025\Ordos_S2_MultiBand_2025-0000018944-0000000000.tif,EPSG:4326,EPSG:32648,714721.2086843299,4222372.979700382,721121.2086843299,4228772.979700382,10.0,train,8,0
t03_Ordos_S2_MultiBand_2025-0000018944-0000000000_r11264_c13824,E:\260827YOLORUN\GEE_Export_2025\Ordos_S2_MultiBand_2025-0000018944-0000000000.tif,EPSG:4326,EPSG:32648,765921.2086843299,4222372.979700382,772321.2086843299,4228772.979700382,10.0,train,10,0
t03_Ordos_S2_MultiBand_2025-0000018944-0000000000_r11264_c14336,E:\260827YOLORUN\GEE_Export_2025\Ordos_S2_MultiBand_2025-0000018944-0000000000.tif,EPSG:4326,EPSG:32648,771041.2086843299,4222372.979700382,777441.2086843299,4228772.979700382,10.0,train,9,0
t03_Ordos_S2_MultiBand_2025-0000018944-0000000000_r11776_c07680,E:\260827YOLORUN\GEE_Export_2025\Ordos_S2_MultiBand_2025-0000018944-0000000000.tif,EPSG:4326,EPSG:32648,704481.2086843299,4217252.979700382,710881.2086843299,4223652.979700382,10.0,train,1,0
t03_Ordos_S2_MultiBand_2025-0000018944-0000000000_r11776_c08192,E:\260827YOLORUN\GEE_Export_2025\Ordos_S2_MultiBand_2025-0000018944-0000000000.tif,EPSG:4326,EPSG:32648,709601.2086843299,4217252.979700382,716001.2086843299,4223652.979700382,10.0,train,4,0
t03_Ordos_S2_MultiBand_2025-0000018944-0000000000_r11776_c09216,E:\260827YOLORUN\GEE_Export_2025\Ordos_S2_MultiBand_2025-0000018944-0000000000.tif,EPSG:4326,EPSG:32648,719841.2086843299,4217252.979700382,726241.2086843299,4223652.979700382,10.0,train,10,0
t03_Ordos_S2_MultiBand_2025-0000018944-0000000000_r11776_c09728,E:\260827YOLORUN\GEE_Export_2025\Ordos_S2_MultiBand_2025-0000018944-0000000000.tif,EPSG:4326,EPSG:32648,724961.2086843299,4217252.979700382,731361.2086843299,4223652.979700382,10.0,train,4,0
t03_Ordos_S2_MultiBand_2025-0000018944-0000000000_r11776_c10240,E:\260827YOLORUN\GEE_Export_2025\Ordos_S2_MultiBand_2025-0000018944-0000000000.tif,EPSG:4326,EPSG:32648,730081.2086843299,4217252.979700382,736481.2086843299,4223652.979700382,10.0,train,9,0
t03_Ordos_S2_MultiBand_2025-0000018944-0000000000_r11776_c10752,E:\260827YOLORUN\GEE_Export_2025\Ordos_S2_MultiBand_2025-0000018944-0000000000.tif,EPSG:4326,EPSG:32648,735201.2086843299,4217252.979700382,741601.2086843299,4223652.979700382,10.0,train,8,0
t03_Ordos_S2_MultiBand_2025-0000018944-0000000000_r11776_c11264,E:\260827YOLORUN\GEE_Export_2025\Ordos_S2_MultiBand_2025-0000018944-0000000000.tif,EPSG:4326,EPSG:32648,740321.2086843299,4217252.979700382,746721.2086843299,4223652.979700382,10.0,train,12,0
t03_Ordos_S2_MultiBand_2025-0000018944-0000000000_r11776_c14336,E:\260827YOLORUN\GEE_Export_2025\Ordos_S2_MultiBand_2025-0000018944-0000000000.tif,EPSG:4326,EPSG:32648,771041.2086843299,4217252.979700382,777441.2086843299,4223652.979700382,10.0,train,6,0
t03_Ordos_S2_MultiBand_2025-0000018944-0000000000_r12288_c09216,E:\260827YOLORUN\GEE_Export_2025\Ordos_S2_MultiBand_2025-0000018944-0000000000.tif,EPSG:4326,EPSG:32648,719841.2086843299,4212132.979700382,726241.2086843299,4218532.979700382,10.0,train,4,0
t03_Ordos_S2_MultiBand_2025-0000018944-0000000000_r12288_c13312,E:\260827YOLORUN\GEE_Export_2025\Ordos_S2_MultiBand_2025-0000018944-0000000000.tif,EPSG:4326,EPSG:32648,760801.2086843299,4212132.979700382,767201.2086843299,4218532.979700382,10.0,train,5,0
t03_Ordos_S2_MultiBand_2025-0000018944-0000000000_r12800_c08704,E:\260827YOLORUN\GEE_Export_2025\Ordos_S2_MultiBand_2025-0000018944-0000000000.tif,EPSG:4326,EPSG:32648,714721.2086843299,4207012.979700382,721121.2086843299,4213412.979700382,10.0,train,4,0
t03_Ordos_S2_MultiBand_2025-0000018944-0000000000_r12800_c09216,E:\260827YOLORUN\GEE_Export_2025\Ordos_S2_MultiBand_2025-0000018944-0000000000.tif,EPSG:4326,EPSG:32648,719841.2086843299,4207012.979700382,726241.2086843299,4213412.979700382,10.0,train,3,0
t03_Ordos_S2_MultiBand_2025-0000018944-0000000000_r12800_c10752,E:\260827YOLORUN\GEE_Export_2025\Ordos_S2_MultiBand_2025-0000018944-0000000000.tif,EPSG:4326,EPSG:32648,735201.2086843299,4207012.979700382,741601.2086843299,4213412.979700382,10.0,train,29,0
t03_Ordos_S2_MultiBand_2025-0000018944-0000000000_r13312_c09216,E:\260827YOLORUN\GEE_Export_2025\Ordos_S2_MultiBand_2025-0000018944-0000000000.tif,EPSG:4326,EPSG:32648,719841.2086843299,4201892.979700382,726241.2086843299,4208292.979700382,10.0,train,1,0
t03_Ordos_S2_MultiBand_2025-0000018944-0000000000_r13824_c09216,E:\260827YOLORUN\GEE_Export_2025\Ordos_S2_MultiBand_2025-0000018944-0000000000.tif,EPSG:4326,EPSG:32648,719841.2086843299,4196772.979700382,726241.2086843299,4203172.979700382,10.0,train,2,0
t03_Ordos_S2_MultiBand_2025-0000018944-0000000000_r13824_c11776,E:\260827YOLORUN\GEE_Export_2025\Ordos_S2_MultiBand_2025-0000018944-0000000000.tif,EPSG:4326,EPSG:32648,745441.2086843299,4196772.979700382,751841.2086843299,4203172.979700382,10.0,train,15,0
t03_Ordos_S2_MultiBand_2025-0000018944-0000000000_r13824_c12288,E:\260827YOLORUN\GEE_Export_2025\Ordos_S2_MultiBand_2025-0000018944-0000000000.tif,EPSG:4326,EPSG:32648,750561.2086843299,4196772.979700382,756961.2086843299,4203172.979700382,10.0,train,13,0
t03_Ordos_S2_MultiBand_2025-0000018944-0000000000_r13824_c13824,E:\260827YOLORUN\GEE_Export_2025\Ordos_S2_MultiBand_2025-0000018944-0000000000.tif,EPSG:4326,EPSG:32648,765921.2086843299,4196772.979700382,772321.2086843299,4203172.979700382,10.0,train,13,0
t03_Ordos_S2_MultiBand_2025-0000018944-0000000000_r14336_c09728,E:\260827YOLORUN\GEE_Export_2025\Ordos_S2_MultiBand_2025-0000018944-0000000000.tif,EPSG:4326,EPSG:32648,724961.2086843299,4191652.979700382,731361.2086843299,4198052.979700382,10.0,train,3,0
t03_Ordos_S2_MultiBand_2025-0000018944-0000000000_r14336_c13824,E:\260827YOLORUN\GEE_Export_2025\Ordos_S2_MultiBand_2025-0000018944-0000000000.tif,EPSG:4326,EPSG:32648,765921.2086843299,4191652.979700382,772321.2086843299,4198052.979700382,10.0,train,8,0
t03_Ordos_S2_MultiBand_2025-0000018944-0000000000_r15360_c12800,E:\260827YOLORUN\GEE_Export_2025\Ordos_S2_MultiBand_2025-0000018944-0000000000.tif,EPSG:4326,EPSG:32648,755681.2086843299,4181412.979700382,762081.2086843299,4187812.979700382,10.0,train,1,0
t03_Ordos_S2_MultiBand_2025-0000018944-0000000000_r15360_c13312,E:\260827YOLORUN\GEE_Export_2025\Ordos_S2_MultiBand_2025-0000018944-0000000000.tif,EPSG:4326,EPSG:32648,760801.2086843299,4181412.979700382,767201.2086843299,4187812.979700382,10.0,train,2,0
t03_Ordos_S2_MultiBand_2025-0000018944-0000000000_r15360_c13824,E:\260827YOLORUN\GEE_Export_2025\Ordos_S2_MultiBand_2025-0000018944-0000000000.tif,EPSG:4326,EPSG:32648,765921.2086843299,4181412.979700382,772321.2086843299,4187812.979700382,10.0,train,8,0
t03_Ordos_S2_MultiBand_2025-0000018944-0000000000_r15872_c13312,E:\260827YOLORUN\GEE_Export_2025\Ordos_S2_MultiBand_2025-0000018944-0000000000.tif,EPSG:4326,EPSG:32648,760801.2086843299,4176292.979700382,767201.2086843299,4182692.979700382,10.0,train,2,0
t03_Ordos_S2_MultiBand_2025-0000018944-0000000000_r15872_c13824,E:\260827YOLORUN\GEE_Export_2025\Ordos_S2_MultiBand_2025-0000018944-0000000000.tif,EPSG:4326,EPSG:32648,765921.2086843299,4176292.979700382,772321.2086843299,4182692.979700382,10.0,train,4,0
t03_Ordos_S2_MultiBand_2025-0000018944-0000000000_r16384_c13312,E:\260827YOLORUN\GEE_Export_2025\Ordos_S2_MultiBand_2025-0000018944-0000000000.tif,EPSG:4326,EPSG:32648,760801.2086843299,4171172.979700382,767201.2086843299,4177572.979700382,10.0,train,1,0
t03_Ordos_S2_MultiBand_2025-0000018944-0000000000_r16384_c13824,E:\260827YOLORUN\GEE_Export_2025\Ordos_S2_MultiBand_2025-0000018944-0000000000.tif,EPSG:4326,EPSG:32648,765921.2086843299,4171172.979700382,772321.2086843299,4177572.979700382,10.0,train,2,0
t03_Ordos_S2_MultiBand_2025-0000018944-0000000000_r16384_c14336,E:\260827YOLORUN\GEE_Export_2025\Ordos_S2_MultiBand_2025-0000018944-0000000000.tif,EPSG:4326,EPSG:32648,771041.2086843299,4171172.979700382,777441.2086843299,4177572.979700382,10.0,train,5,0
t03_Ordos_S2_MultiBand_2025-0000018944-0000000000_r16384_c14660,E:\260827YOLORUN\GEE_Export_2025\Ordos_S2_MultiBand_2025-0000018944-0000000000.tif,EPSG:4326,EPSG:32648,774281.2086843299,4171172.979700382,780681.2086843299,4177572.979700382,10.0,train,6,0
t03_Ordos_S2_MultiBand_2025-0000018944-0000000000_r00512_c01536,E:\260827YOLORUN\GEE_Export_2025\Ordos_S2_MultiBand_2025-0000018944-0000000000.tif,EPSG:4326,EPSG:32648,643041.2086843299,4329892.979700382,649441.2086843299,4336292.979700382,10.0,train,0,1
t03_Ordos_S2_MultiBand_2025-0000018944-0000000000_r00512_c11264,E:\260827YOLORUN\GEE_Export_2025\Ordos_S2_MultiBand_2025-0000018944-0000000000.tif,EPSG:4326,EPSG:32648,740321.2086843299,4329892.979700382,746721.2086843299,4336292.979700382,10.0,train,0,1
t03_Ordos_S2_MultiBand_2025-0000018944-0000000000_r01024_c10240,E:\260827YOLORUN\GEE_Export_2025\Ordos_S2_MultiBand_2025-0000018944-0000000000.tif,EPSG:4326,EPSG:32648,730081.2086843299,4324772.979700382,736481.2086843299,4331172.979700382,10.0,train,0,1
t03_Ordos_S2_MultiBand_2025-0000018944-0000000000_r01024_c11776,E:\260827YOLORUN\GEE_Export_2025\Ordos_S2_MultiBand_2025-0000018944-0000000000.tif,EPSG:4326,EPSG:32648,745441.2086843299,4324772.979700382,751841.2086843299,4331172.979700382,10.0,train,0,1
t03_Ordos_S2_MultiBand_2025-0000018944-0000000000_r01536_c00000,E:\260827YOLORUN\GEE_Export_2025\Ordos_S2_MultiBand_2025-0000018944-0000000000.tif,EPSG:4326,EPSG:32648,627681.2086843299,4319652.979700382,634081.2086843299,4326052.979700382,10.0,train,0,1
t03_Ordos_S2_MultiBand_2025-0000018944-0000000000_r02048_c03072,E:\260827YOLORUN\GEE_Export_2025\Ordos_S2_MultiBand_2025-0000018944-0000000000.tif,EPSG:4326,EPSG:32648,658401.2086843299,4314532.979700382,664801.2086843299,4320932.979700382,10.0,train,0,1
t03_Ordos_S2_MultiBand_2025-0000018944-0000000000_r02560_c05120,E:\260827YOLORUN\GEE_Export_2025\Ordos_S2_MultiBand_2025-0000018944-0000000000.tif,EPSG:4326,EPSG:32648,678881.2086843299,4309412.979700382,685281.2086843299,4315812.979700382,10.0,train,0,1
t03_Ordos_S2_MultiBand_2025-0000018944-0000000000_r03072_c02560,E:\260827YOLORUN\GEE_Export_2025\Ordos_S2_MultiBand_2025-0000018944-0000000000.tif,EPSG:4326,EPSG:32648,653281.2086843299,4304292.979700382,659681.2086843299,4310692.979700382,10.0,train,0,1
t03_Ordos_S2_MultiBand_2025-0000018944-0000000000_r03072_c06656,E:\260827YOLORUN\GEE_Export_2025\Ordos_S2_MultiBand_2025-0000018944-0000000000.tif,EPSG:4326,EPSG:32648,694241.2086843299,4304292.979700382,700641.2086843299,4310692.979700382,10.0,train,0,1
t03_Ordos_S2_MultiBand_2025-0000018944-0000000000_r03584_c02048,E:\260827YOLORUN\GEE_Export_2025\Ordos_S2_MultiBand_2025-0000018944-0000000000.tif,EPSG:4326,EPSG:32648,648161.2086843299,4299172.979700382,654561.2086843299,4305572.979700382,10.0,train,0,1
t03_Ordos_S2_MultiBand_2025-0000018944-0000000000_r03584_c05120,E:\260827YOLORUN\GEE_Export_2025\Ordos_S2_MultiBand_2025-0000018944-0000000000.tif,EPSG:4326,EPSG:32648,678881.2086843299,4299172.979700382,685281.2086843299,4305572.979700382,10.0,train,0,1
t03_Ordos_S2_MultiBand_2025-0000018944-0000000000_r04096_c00000,E:\260827YOLORUN\GEE_Export_2025\Ordos_S2_MultiBand_2025-0000018944-0000000000.tif,EPSG:4326,EPSG:32648,627681.2086843299,4294052.979700382,634081.2086843299,4300452.979700382,10.0,train,0,1
t03_Ordos_S2_MultiBand_2025-0000018944-0000000000_r04096_c03584,E:\260827YOLORUN\GEE_Export_2025\Ordos_S2_MultiBand_2025-0000018944-0000000000.tif,EPSG:4326,EPSG:32648,663521.2086843299,4294052.979700382,669921.2086843299,4300452.979700382,10.0,train,0,1
t03_Ordos_S2_MultiBand_2025-0000018944-0000000000_r04096_c06656,E:\260827YOLORUN\GEE_Export_2025\Ordos_S2_MultiBand_2025-0000018944-0000000000.tif,EPSG:4326,EPSG:32648,694241.2086843299,4294052.979700382,700641.2086843299,4300452.979700382,10.0,train,0,1
t03_Ordos_S2_MultiBand_2025-0000018944-0000000000_r04096_c09216,E:\260827YOLORUN\GEE_Export_2025\Ordos_S2_MultiBand_2025-0000018944-0000000000.tif,EPSG:4326,EPSG:32648,719841.2086843299,4294052.979700382,726241.2086843299,4300452.979700382,10.0,train,0,1
t03_Ordos_S2_MultiBand_2025-0000018944-0000000000_r05120_c02048,E:\260827YOLORUN\GEE_Export_2025\Ordos_S2_MultiBand_2025-0000018944-0000000000.tif,EPSG:4326,EPSG:32648,648161.2086843299,4283812.979700382,654561.2086843299,4290212.979700382,10.0,train,0,1
t03_Ordos_S2_MultiBand_2025-0000018944-0000000000_r05120_c04096,E:\260827YOLORUN\GEE_Export_2025\Ordos_S2_MultiBand_2025-0000018944-0000000000.tif,EPSG:4326,EPSG:32648,668641.2086843299,4283812.979700382,675041.2086843299,4290212.979700382,10.0,train,0,1
t03_Ordos_S2_MultiBand_2025-0000018944-0000000000_r05120_c06144,E:\260827YOLORUN\GEE_Export_2025\Ordos_S2_MultiBand_2025-0000018944-0000000000.tif,EPSG:4326,EPSG:32648,689121.2086843299,4283812.979700382,695521.2086843299,4290212.979700382,10.0,train,0,1
t03_Ordos_S2_MultiBand_2025-0000018944-0000000000_r05632_c09216,E:\260827YOLORUN\GEE_Export_2025\Ordos_S2_MultiBand_2025-0000018944-0000000000.tif,EPSG:4326,EPSG:32648,719841.2086843299,4278692.979700382,726241.2086843299,4285092.979700382,10.0,train,0,1
t03_Ordos_S2_MultiBand_2025-0000018944-0000000000_r06144_c00000,E:\260827YOLORUN\GEE_Export_2025\Ordos_S2_MultiBand_2025-0000018944-0000000000.tif,EPSG:4326,EPSG:32648,627681.2086843299,4273572.979700382,634081.2086843299,4279972.979700382,10.0,train,0,1
t03_Ordos_S2_MultiBand_2025-0000018944-0000000000_r06144_c03072,E:\260827YOLORUN\GEE_Export_2025\Ordos_S2_MultiBand_2025-0000018944-0000000000.tif,EPSG:4326,EPSG:32648,658401.2086843299,4273572.979700382,664801.2086843299,4279972.979700382,10.0,train,0,1
t03_Ordos_S2_MultiBand_2025-0000018944-0000000000_r06144_c07680,E:\260827YOLORUN\GEE_Export_2025\Ordos_S2_MultiBand_2025-0000018944-0000000000.tif,EPSG:4326,EPSG:32648,704481.2086843299,4273572.979700382,710881.2086843299,4279972.979700382,10.0,train,0,1
t03_Ordos_S2_MultiBand_2025-0000018944-0000000000_r06144_c09216,E:\260827YOLORUN\GEE_Export_2025\Ordos_S2_MultiBand_2025-0000018944-0000000000.tif,EPSG:4326,EPSG:32648,719841.2086843299,4273572.979700382,726241.2086843299,4279972.979700382,10.0,train,0,1
t03_Ordos_S2_MultiBand_2025-0000018944-0000000000_r06144_c12800,E:\260827YOLORUN\GEE_Export_2025\Ordos_S2_MultiBand_2025-0000018944-0000000000.tif,EPSG:4326,EPSG:32648,755681.2086843299,4273572.979700382,762081.2086843299,4279972.979700382,10.0,train,0,1
t03_Ordos_S2_MultiBand_2025-0000018944-0000000000_r06656_c00000,E:\260827YOLORUN\GEE_Export_2025\Ordos_S2_MultiBand_2025-0000018944-0000000000.tif,EPSG:4326,EPSG:32648,627681.2086843299,4268452.979700382,634081.2086843299,4274852.979700382,10.0,train,0,1
t03_Ordos_S2_MultiBand_2025-0000018944-0000000000_r06656_c04096,E:\260827YOLORUN\GEE_Export_2025\Ordos_S2_MultiBand_2025-0000018944-0000000000.tif,EPSG:4326,EPSG:32648,668641.2086843299,4268452.979700382,675041.2086843299,4274852.979700382,10.0,train,0,1
t03_Ordos_S2_MultiBand_2025-0000018944-0000000000_r06656_c12800,E:\260827YOLORUN\GEE_Export_2025\Ordos_S2_MultiBand_2025-0000018944-0000000000.tif,EPSG:4326,EPSG:32648,755681.2086843299,4268452.979700382,762081.2086843299,4274852.979700382,10.0,train,0,1
t03_Ordos_S2_MultiBand_2025-0000018944-0000000000_r07168_c02560,E:\260827YOLORUN\GEE_Export_2025\Ordos_S2_MultiBand_2025-0000018944-0000000000.tif,EPSG:4326,EPSG:32648,653281.2086843299,4263332.979700382,659681.2086843299,4269732.979700382,10.0,train,0,1
t03_Ordos_S2_MultiBand_2025-0000018944-0000000000_r07168_c07680,E:\260827YOLORUN\GEE_Export_2025\Ordos_S2_MultiBand_2025-0000018944-0000000000.tif,EPSG:4326,EPSG:32648,704481.2086843299,4263332.979700382,710881.2086843299,4269732.979700382,10.0,train,0,1
t03_Ordos_S2_MultiBand_2025-0000018944-0000000000_r07680_c01536,E:\260827YOLORUN\GEE_Export_2025\Ordos_S2_MultiBand_2025-0000018944-0000000000.tif,EPSG:4326,EPSG:32648,643041.2086843299,4258212.979700382,649441.2086843299,4264612.979700382,10.0,train,0,1
t03_Ordos_S2_MultiBand_2025-0000018944-0000000000_r07680_c06144,E:\260827YOLORUN\GEE_Export_2025\Ordos_S2_MultiBand_2025-0000018944-0000000000.tif,EPSG:4326,EPSG:32648,689121.2086843299,4258212.979700382,695521.2086843299,4264612.979700382,10.0,train,0,1
t03_Ordos_S2_MultiBand_2025-0000018944-0000000000_r07680_c14336,E:\260827YOLORUN\GEE_Export_2025\Ordos_S2_MultiBand_2025-0000018944-0000000000.tif,EPSG:4326,EPSG:32648,771041.2086843299,4258212.979700382,777441.2086843299,4264612.979700382,10.0,train,0,1
t03_Ordos_S2_MultiBand_2025-0000018944-0000000000_r08192_c01024,E:\260827YOLORUN\GEE_Export_2025\Ordos_S2_MultiBand_2025-0000018944-0000000000.tif,EPSG:4326,EPSG:32648,637921.2086843299,4253092.979700382,644321.2086843299,4259492.979700382,10.0,train,0,1
t03_Ordos_S2_MultiBand_2025-0000018944-0000000000_r08704_c00512,E:\260827YOLORUN\GEE_Export_2025\Ordos_S2_MultiBand_2025-0000018944-0000000000.tif,EPSG:4326,EPSG:32648,632801.2086843299,4247972.979700382,639201.2086843299,4254372.979700382,10.0,train,0,1
t03_Ordos_S2_MultiBand_2025-0000018944-0000000000_r08704_c01024,E:\260827YOLORUN\GEE_Export_2025\Ordos_S2_MultiBand_2025-0000018944-0000000000.tif,EPSG:4326,EPSG:32648,637921.2086843299,4247972.979700382,644321.2086843299,4254372.979700382,10.0,train,0,1
t03_Ordos_S2_MultiBand_2025-0000018944-0000000000_r08704_c05632,E:\260827YOLORUN\GEE_Export_2025\Ordos_S2_MultiBand_2025-0000018944-0000000000.tif,EPSG:4326,EPSG:32648,684001.2086843299,4247972.979700382,690401.2086843299,4254372.979700382,10.0,train,0,1
t03_Ordos_S2_MultiBand_2025-0000018944-0000000000_r09728_c01024,E:\260827YOLORUN\GEE_Export_2025\Ordos_S2_MultiBand_2025-0000018944-0000000000.tif,EPSG:4326,EPSG:32648,637921.2086843299,4237732.979700382,644321.2086843299,4244132.979700382,10.0,train,0,1
t03_Ordos_S2_MultiBand_2025-0000018944-0000000000_r10752_c01536,E:\260827YOLORUN\GEE_Export_2025\Ordos_S2_MultiBand_2025-0000018944-0000000000.tif,EPSG:4326,EPSG:32648,643041.2086843299,4227492.979700382,649441.2086843299,4233892.979700382,10.0,train,0,1
t03_Ordos_S2_MultiBand_2025-0000018944-0000000000_r12800_c04096,E:\260827YOLORUN\GEE_Export_2025\Ordos_S2_MultiBand_2025-0000018944-0000000000.tif,EPSG:4326,EPSG:32648,668641.2086843299,4207012.979700382,675041.2086843299,4213412.979700382,10.0,train,0,1
t03_Ordos_S2_MultiBand_2025-0000018944-0000000000_r13312_c01536,E:\260827YOLORUN\GEE_Export_2025\Ordos_S2_MultiBand_2025-0000018944-0000000000.tif,EPSG:4326,EPSG:32648,643041.2086843299,4201892.979700382,649441.2086843299,4208292.979700382,10.0,train,0,1
t03_Ordos_S2_MultiBand_2025-0000018944-0000000000_r13824_c02560,E:\260827YOLORUN\GEE_Export_2025\Ordos_S2_MultiBand_2025-0000018944-0000000000.tif,EPSG:4326,EPSG:32648,653281.2086843299,4196772.979700382,659681.2086843299,4203172.979700382,10.0,train,0,1
t03_Ordos_S2_MultiBand_2025-0000018944-0000000000_r14336_c09216,E:\260827YOLORUN\GEE_Export_2025\Ordos_S2_MultiBand_2025-0000018944-0000000000.tif,EPSG:4326,EPSG:32648,719841.2086843299,4191652.979700382,726241.2086843299,4198052.979700382,10.0,train,0,1
t03_Ordos_S2_MultiBand_2025-0000018944-0000000000_r14848_c05120,E:\260827YOLORUN\GEE_Export_2025\Ordos_S2_MultiBand_2025-0000018944-0000000000.tif,EPSG:4326,EPSG:32648,678881.2086843299,4186532.979700382,685281.2086843299,4192932.979700382,10.0,train,0,1
t03_Ordos_S2_MultiBand_2025-0000018944-0000000000_r14848_c07168,E:\260827YOLORUN\GEE_Export_2025\Ordos_S2_MultiBand_2025-0000018944-0000000000.tif,EPSG:4326,EPSG:32648,699361.2086843299,4186532.979700382,705761.2086843299,4192932.979700382,10.0,train,0,1
t03_Ordos_S2_MultiBand_2025-0000018944-0000000000_r15360_c02048,E:\260827YOLORUN\GEE_Export_2025\Ordos_S2_MultiBand_2025-0000018944-0000000000.tif,EPSG:4326,EPSG:32648,648161.2086843299,4181412.979700382,654561.2086843299,4187812.979700382,10.0,train,0,1
t03_Ordos_S2_MultiBand_2025-0000018944-0000000000_r15360_c11776,E:\260827YOLORUN\GEE_Export_2025\Ordos_S2_MultiBand_2025-0000018944-0000000000.tif,EPSG:4326,EPSG:32648,745441.2086843299,4181412.979700382,751841.2086843299,4187812.979700382,10.0,train,0,1
t03_Ordos_S2_MultiBand_2025-0000018944-0000000000_r15872_c03072,E:\260827YOLORUN\GEE_Export_2025\Ordos_S2_MultiBand_2025-0000018944-0000000000.tif,EPSG:4326,EPSG:32648,658401.2086843299,4176292.979700382,664801.2086843299,4182692.979700382,10.0,train,0,1
t03_Ordos_S2_MultiBand_2025-0000018944-0000000000_r15872_c03584,E:\260827YOLORUN\GEE_Export_2025\Ordos_S2_MultiBand_2025-0000018944-0000000000.tif,EPSG:4326,EPSG:32648,663521.2086843299,4176292.979700382,669921.2086843299,4182692.979700382,10.0,train,0,1
t03_Ordos_S2_MultiBand_2025-0000018944-0000000000_r15872_c11776,E:\260827YOLORUN\GEE_Export_2025\Ordos_S2_MultiBand_2025-0000018944-0000000000.tif,EPSG:4326,EPSG:32648,745441.2086843299,4176292.979700382,751841.2086843299,4182692.979700382,10.0,train,0,1
t03_Ordos_S2_MultiBand_2025-0000018944-0000000000_r15872_c12288,E:\260827YOLORUN\GEE_Export_2025\Ordos_S2_MultiBand_2025-0000018944-0000000000.tif,EPSG:4326,EPSG:32648,750561.2086843299,4176292.979700382,756961.2086843299,4182692.979700382,10.0,train,0,1
t03_Ordos_S2_MultiBand_2025-0000018944-0000000000_r16384_c03584,E:\260827YOLORUN\GEE_Export_2025\Ordos_S2_MultiBand_2025-0000018944-0000000000.tif,EPSG:4326,EPSG:32648,663521.2086843299,4171172.979700382,669921.2086843299,4177572.979700382,10.0,train,0,1
t03_Ordos_S2_MultiBand_2025-0000018944-0000000000_r16384_c07680,E:\260827YOLORUN\GEE_Export_2025\Ordos_S2_MultiBand_2025-0000018944-0000000000.tif,EPSG:4326,EPSG:32648,704481.2086843299,4171172.979700382,710881.2086843299,4177572.979700382,10.0,train,0,1
t03_Ordos_S2_MultiBand_2025-0000018944-0000000000_r16384_c10240,E:\260827YOLORUN\GEE_Export_2025\Ordos_S2_MultiBand_2025-0000018944-0000000000.tif,EPSG:4326,EPSG:32648,730081.2086843299,4171172.979700382,736481.2086843299,4177572.979700382,10.0,train,0,1
t03_Ordos_S2_MultiBand_2025-0000018944-0000000000_r16896_c08192,E:\260827YOLORUN\GEE_Export_2025\Ordos_S2_MultiBand_2025-0000018944-0000000000.tif,EPSG:4326,EPSG:32648,709601.2086843299,4166052.979700382,716001.2086843299,4172452.979700382,10.0,train,0,1
t03_Ordos_S2_MultiBand_2025-0000018944-0000000000_r17067_c05120,E:\260827YOLORUN\GEE_Export_2025\Ordos_S2_MultiBand_2025-0000018944-0000000000.tif,EPSG:4326,EPSG:32648,678881.2086843299,4164342.979700382,685281.2086843299,4170742.979700382,10.0,train,0,1
t03_Ordos_S2_MultiBand_2025-0000018944-0000000000_r17067_c05632,E:\260827YOLORUN\GEE_Export_2025\Ordos_S2_MultiBand_2025-0000018944-0000000000.tif,EPSG:4326,EPSG:32648,684001.2086843299,4164342.979700382,690401.2086843299,4170742.979700382,10.0,train,0,1
t03_Ordos_S2_MultiBand_2025-0000018944-0000000000_r17067_c14660,E:\260827YOLORUN\GEE_Export_2025\Ordos_S2_MultiBand_2025-0000018944-0000000000.tif,EPSG:4326,EPSG:32648,774281.2086843299,4164342.979700382,780681.2086843299,4170742.979700382,10.0,train,0,1
t04_Ordos_S2_MultiBand_2025-0000018944-0000018944_r00000_c00512,E:\260827YOLORUN\GEE_Export_2025\Ordos_S2_MultiBand_2025-0000018944-0000018944.tif,EPSG:4326,EPSG:32648,779815.0377361318,4341560.518593342,786215.0377361318,4347960.518593342,10.0,train,2,0
t04_Ordos_S2_MultiBand_2025-0000018944-0000018944_r00000_c12288,E:\260827YOLORUN\GEE_Export_2025\Ordos_S2_MultiBand_2025-0000018944-0000018944.tif,EPSG:4326,EPSG:32648,897575.0377361318,4341560.518593342,903975.0377361318,4347960.518593342,10.0,val,1,0
t04_Ordos_S2_MultiBand_2025-0000018944-0000018944_r00512_c01536,E:\260827YOLORUN\GEE_Export_2025\Ordos_S2_MultiBand_2025-0000018944-0000018944.tif,EPSG:4326,EPSG:32648,790055.0377361318,4336440.518593342,796455.0377361318,4342840.518593342,10.0,train,1,0
t04_Ordos_S2_MultiBand_2025-0000018944-0000018944_r01024_c00000,E:\260827YOLORUN\GEE_Export_2025\Ordos_S2_MultiBand_2025-0000018944-0000018944.tif,EPSG:4326,EPSG:32648,774695.0377361318,4331320.518593342,781095.0377361318,4337720.518593342,10.0,train,2,0
t04_Ordos_S2_MultiBand_2025-0000018944-0000018944_r01024_c00512,E:\260827YOLORUN\GEE_Export_2025\Ordos_S2_MultiBand_2025-0000018944-0000018944.tif,EPSG:4326,EPSG:32648,779815.0377361318,4331320.518593342,786215.0377361318,4337720.518593342,10.0,train,1,0
t04_Ordos_S2_MultiBand_2025-0000018944-0000018944_r01024_c01024,E:\260827YOLORUN\GEE_Export_2025\Ordos_S2_MultiBand_2025-0000018944-0000018944.tif,EPSG:4326,EPSG:32648,784935.0377361318,4331320.518593342,791335.0377361318,4337720.518593342,10.0,train,1,0
t04_Ordos_S2_MultiBand_2025-0000018944-0000018944_r01024_c02048,E:\260827YOLORUN\GEE_Export_2025\Ordos_S2_MultiBand_2025-0000018944-0000018944.tif,EPSG:4326,EPSG:32648,795175.0377361318,4331320.518593342,801575.0377361318,4337720.518593342,10.0,train,1,0
t04_Ordos_S2_MultiBand_2025-0000018944-0000018944_r01536_c00000,E:\260827YOLORUN\GEE_Export_2025\Ordos_S2_MultiBand_2025-0000018944-0000018944.tif,EPSG:4326,EPSG:32648,774695.0377361318,4326200.518593342,781095.0377361318,4332600.518593342,10.0,train,1,0
t04_Ordos_S2_MultiBand_2025-0000018944-0000018944_r01536_c03072,E:\260827YOLORUN\GEE_Export_2025\Ordos_S2_MultiBand_2025-0000018944-0000018944.tif,EPSG:4326,EPSG:32648,805415.0377361318,4326200.518593342,811815.0377361318,4332600.518593342,10.0,train,1,0
t04_Ordos_S2_MultiBand_2025-0000018944-0000018944_r01536_c03584,E:\260827YOLORUN\GEE_Export_2025\Ordos_S2_MultiBand_2025-0000018944-0000018944.tif,EPSG:4326,EPSG:32648,810535.0377361318,4326200.518593342,816935.0377361318,4332600.518593342,10.0,train,1,0
t04_Ordos_S2_MultiBand_2025-0000018944-0000018944_r01536_c04608,E:\260827YOLORUN\GEE_Export_2025\Ordos_S2_MultiBand_2025-0000018944-0000018944.tif,EPSG:4326,EPSG:32648,820775.0377361318,4326200.518593342,827175.0377361318,4332600.518593342,10.0,train,1,0
t04_Ordos_S2_MultiBand_2025-0000018944-0000018944_r02048_c01024,E:\260827YOLORUN\GEE_Export_2025\Ordos_S2_MultiBand_2025-0000018944-0000018944.tif,EPSG:4326,EPSG:32648,784935.0377361318,4321080.518593342,791335.0377361318,4327480.518593342,10.0,train,1,0
t04_Ordos_S2_MultiBand_2025-0000018944-0000018944_r02048_c05120,E:\260827YOLORUN\GEE_Export_2025\Ordos_S2_MultiBand_2025-0000018944-0000018944.tif,EPSG:4326,EPSG:32648,825895.0377361318,4321080.518593342,832295.0377361318,4327480.518593342,10.0,train,1,0
t04_Ordos_S2_MultiBand_2025-0000018944-0000018944_r02048_c05632,E:\260827YOLORUN\GEE_Export_2025\Ordos_S2_MultiBand_2025-0000018944-0000018944.tif,EPSG:4326,EPSG:32648,831015.0377361318,4321080.518593342,837415.0377361318,4327480.518593342,10.0,DROPPED_BUFFER,1,0
t04_Ordos_S2_MultiBand_2025-0000018944-0000018944_r02560_c00512,E:\260827YOLORUN\GEE_Export_2025\Ordos_S2_MultiBand_2025-0000018944-0000018944.tif,EPSG:4326,EPSG:32648,779815.0377361318,4315960.518593342,786215.0377361318,4322360.518593342,10.0,train,1,0
t04_Ordos_S2_MultiBand_2025-0000018944-0000018944_r02560_c01024,E:\260827YOLORUN\GEE_Export_2025\Ordos_S2_MultiBand_2025-0000018944-0000018944.tif,EPSG:4326,EPSG:32648,784935.0377361318,4315960.518593342,791335.0377361318,4322360.518593342,10.0,train,1,0
t04_Ordos_S2_MultiBand_2025-0000018944-0000018944_r02560_c01536,E:\260827YOLORUN\GEE_Export_2025\Ordos_S2_MultiBand_2025-0000018944-0000018944.tif,EPSG:4326,EPSG:32648,790055.0377361318,4315960.518593342,796455.0377361318,4322360.518593342,10.0,train,2,0
t04_Ordos_S2_MultiBand_2025-0000018944-0000018944_r02560_c02048,E:\260827YOLORUN\GEE_Export_2025\Ordos_S2_MultiBand_2025-0000018944-0000018944.tif,EPSG:4326,EPSG:32648,795175.0377361318,4315960.518593342,801575.0377361318,4322360.518593342,10.0,train,4,0
t04_Ordos_S2_MultiBand_2025-0000018944-0000018944_r02560_c04608,E:\260827YOLORUN\GEE_Export_2025\Ordos_S2_MultiBand_2025-0000018944-0000018944.tif,EPSG:4326,EPSG:32648,820775.0377361318,4315960.518593342,827175.0377361318,4322360.518593342,10.0,train,1,0
t04_Ordos_S2_MultiBand_2025-0000018944-0000018944_r02560_c05632,E:\260827YOLORUN\GEE_Export_2025\Ordos_S2_MultiBand_2025-0000018944-0000018944.tif,EPSG:4326,EPSG:32648,831015.0377361318,4315960.518593342,837415.0377361318,4322360.518593342,10.0,DROPPED_BUFFER,4,0
t04_Ordos_S2_MultiBand_2025-0000018944-0000018944_r02560_c06144,E:\260827YOLORUN\GEE_Export_2025\Ordos_S2_MultiBand_2025-0000018944-0000018944.tif,EPSG:4326,EPSG:32648,836135.0377361318,4315960.518593342,842535.0377361318,4322360.518593342,10.0,val,1,0
t04_Ordos_S2_MultiBand_2025-0000018944-0000018944_r02560_c06656,E:\260827YOLORUN\GEE_Export_2025\Ordos_S2_MultiBand_2025-0000018944-0000018944.tif,EPSG:4326,EPSG:32648,841255.0377361318,4315960.518593342,847655.0377361318,4322360.518593342,10.0,val,1,0
t04_Ordos_S2_MultiBand_2025-0000018944-0000018944_r03072_c00512,E:\260827YOLORUN\GEE_Export_2025\Ordos_S2_MultiBand_2025-0000018944-0000018944.tif,EPSG:4326,EPSG:32648,779815.0377361318,4310840.518593342,786215.0377361318,4317240.518593342,10.0,train,1,0
t04_Ordos_S2_MultiBand_2025-0000018944-0000018944_r03072_c05120,E:\260827YOLORUN\GEE_Export_2025\Ordos_S2_MultiBand_2025-0000018944-0000018944.tif,EPSG:4326,EPSG:32648,825895.0377361318,4310840.518593342,832295.0377361318,4317240.518593342,10.0,train,1,0
t04_Ordos_S2_MultiBand_2025-0000018944-0000018944_r03072_c05632,E:\260827YOLORUN\GEE_Export_2025\Ordos_S2_MultiBand_2025-0000018944-0000018944.tif,EPSG:4326,EPSG:32648,831015.0377361318,4310840.518593342,837415.0377361318,4317240.518593342,10.0,DROPPED_BUFFER,2,0
t04_Ordos_S2_MultiBand_2025-0000018944-0000018944_r03584_c00512,E:\260827YOLORUN\GEE_Export_2025\Ordos_S2_MultiBand_2025-0000018944-0000018944.tif,EPSG:4326,EPSG:32648,779815.0377361318,4305720.518593342,786215.0377361318,4312120.518593342,10.0,train,2,0
t04_Ordos_S2_MultiBand_2025-0000018944-0000018944_r03584_c08704,E:\260827YOLORUN\GEE_Export_2025\Ordos_S2_MultiBand_2025-0000018944-0000018944.tif,EPSG:4326,EPSG:32648,861735.0377361318,4305720.518593342,868135.0377361318,4312120.518593342,10.0,val,1,0
t04_Ordos_S2_MultiBand_2025-0000018944-0000018944_r03584_c09216,E:\260827YOLORUN\GEE_Export_2025\Ordos_S2_MultiBand_2025-0000018944-0000018944.tif,EPSG:4326,EPSG:32648,866855.0377361318,4305720.518593342,873255.0377361318,4312120.518593342,10.0,val,1,0
t04_Ordos_S2_MultiBand_2025-0000018944-0000018944_r04096_c07168,E:\260827YOLORUN\GEE_Export_2025\Ordos_S2_MultiBand_2025-0000018944-0000018944.tif,EPSG:4326,EPSG:32648,846375.0377361318,4300600.518593342,852775.0377361318,4307000.518593342,10.0,val,1,0
t04_Ordos_S2_MultiBand_2025-0000018944-0000018944_r04608_c00000,E:\260827YOLORUN\GEE_Export_2025\Ordos_S2_MultiBand_2025-0000018944-0000018944.tif,EPSG:4326,EPSG:32648,774695.0377361318,4295480.518593342,781095.0377361318,4301880.518593342,10.0,train,1,0
t04_Ordos_S2_MultiBand_2025-0000018944-0000018944_r04608_c05120,E:\260827YOLORUN\GEE_Export_2025\Ordos_S2_MultiBand_2025-0000018944-0000018944.tif,EPSG:4326,EPSG:32648,825895.0377361318,4295480.518593342,832295.0377361318,4301880.518593342,10.0,train,1,0
t04_Ordos_S2_MultiBand_2025-0000018944-0000018944_r04608_c05632,E:\260827YOLORUN\GEE_Export_2025\Ordos_S2_MultiBand_2025-0000018944-0000018944.tif,EPSG:4326,EPSG:32648,831015.0377361318,4295480.518593342,837415.0377361318,4301880.518593342,10.0,DROPPED_BUFFER,2,0
t04_Ordos_S2_MultiBand_2025-0000018944-0000018944_r05120_c00000,E:\260827YOLORUN\GEE_Export_2025\Ordos_S2_MultiBand_2025-0000018944-0000018944.tif,EPSG:4326,EPSG:32648,774695.0377361318,4290360.518593342,781095.0377361318,4296760.518593342,10.0,train,2,0
t04_Ordos_S2_MultiBand_2025-0000018944-0000018944_r05120_c05120,E:\260827YOLORUN\GEE_Export_2025\Ordos_S2_MultiBand_2025-0000018944-0000018944.tif,EPSG:4326,EPSG:32648,825895.0377361318,4290360.518593342,832295.0377361318,4296760.518593342,10.0,train,1,0
t04_Ordos_S2_MultiBand_2025-0000018944-0000018944_r06144_c00000,E:\260827YOLORUN\GEE_Export_2025\Ordos_S2_MultiBand_2025-0000018944-0000018944.tif,EPSG:4326,EPSG:32648,774695.0377361318,4280120.518593342,781095.0377361318,4286520.518593342,10.0,train,5,0
t04_Ordos_S2_MultiBand_2025-0000018944-0000018944_r06144_c04096,E:\260827YOLORUN\GEE_Export_2025\Ordos_S2_MultiBand_2025-0000018944-0000018944.tif,EPSG:4326,EPSG:32648,815655.0377361318,4280120.518593342,822055.0377361318,4286520.518593342,10.0,train,1,0
t04_Ordos_S2_MultiBand_2025-0000018944-0000018944_r06656_c00000,E:\260827YOLORUN\GEE_Export_2025\Ordos_S2_MultiBand_2025-0000018944-0000018944.tif,EPSG:4326,EPSG:32648,774695.0377361318,4275000.518593342,781095.0377361318,4281400.518593342,10.0,train,1,0
t04_Ordos_S2_MultiBand_2025-0000018944-0000018944_r06656_c00512,E:\260827YOLORUN\GEE_Export_2025\Ordos_S2_MultiBand_2025-0000018944-0000018944.tif,EPSG:4326,EPSG:32648,779815.0377361318,4275000.518593342,786215.0377361318,4281400.518593342,10.0,train,1,0
t04_Ordos_S2_MultiBand_2025-0000018944-0000018944_r06656_c01024,E:\260827YOLORUN\GEE_Export_2025\Ordos_S2_MultiBand_2025-0000018944-0000018944.tif,EPSG:4326,EPSG:32648,784935.0377361318,4275000.518593342,791335.0377361318,4281400.518593342,10.0,train,1,0
t04_Ordos_S2_MultiBand_2025-0000018944-0000018944_r07168_c00512,E:\260827YOLORUN\GEE_Export_2025\Ordos_S2_MultiBand_2025-0000018944-0000018944.tif,EPSG:4326,EPSG:32648,779815.0377361318,4269880.518593342,786215.0377361318,4276280.518593342,10.0,train,1,0
t04_Ordos_S2_MultiBand_2025-0000018944-0000018944_r07168_c01024,E:\260827YOLORUN\GEE_Export_2025\Ordos_S2_MultiBand_2025-0000018944-0000018944.tif,EPSG:4326,EPSG:32648,784935.0377361318,4269880.518593342,791335.0377361318,4276280.518593342,10.0,train,1,0
t04_Ordos_S2_MultiBand_2025-0000018944-0000018944_r07168_c07168,E:\260827YOLORUN\GEE_Export_2025\Ordos_S2_MultiBand_2025-0000018944-0000018944.tif,EPSG:4326,EPSG:32648,846375.0377361318,4269880.518593342,852775.0377361318,4276280.518593342,10.0,val,1,0
t04_Ordos_S2_MultiBand_2025-0000018944-0000018944_r07680_c01024,E:\260827YOLORUN\GEE_Export_2025\Ordos_S2_MultiBand_2025-0000018944-0000018944.tif,EPSG:4326,EPSG:32648,784935.0377361318,4264760.518593342,791335.0377361318,4271160.518593342,10.0,train,1,0
t04_Ordos_S2_MultiBand_2025-0000018944-0000018944_r07680_c06656,E:\260827YOLORUN\GEE_Export_2025\Ordos_S2_MultiBand_2025-0000018944-0000018944.tif,EPSG:4326,EPSG:32648,841255.0377361318,4264760.518593342,847655.0377361318,4271160.518593342,10.0,val,1,0
t04_Ordos_S2_MultiBand_2025-0000018944-0000018944_r08192_c01024,E:\260827YOLORUN\GEE_Export_2025\Ordos_S2_MultiBand_2025-0000018944-0000018944.tif,EPSG:4326,EPSG:32648,784935.0377361318,4259640.518593342,791335.0377361318,4266040.518593342,10.0,train,1,0
t04_Ordos_S2_MultiBand_2025-0000018944-0000018944_r08192_c03072,E:\260827YOLORUN\GEE_Export_2025\Ordos_S2_MultiBand_2025-0000018944-0000018944.tif,EPSG:4326,EPSG:32648,805415.0377361318,4259640.518593342,811815.0377361318,4266040.518593342,10.0,train,1,0
t04_Ordos_S2_MultiBand_2025-0000018944-0000018944_r08192_c03584,E:\260827YOLORUN\GEE_Export_2025\Ordos_S2_MultiBand_2025-0000018944-0000018944.tif,EPSG:4326,EPSG:32648,810535.0377361318,4259640.518593342,816935.0377361318,4266040.518593342,10.0,train,1,0
t04_Ordos_S2_MultiBand_2025-0000018944-0000018944_r08192_c05632,E:\260827YOLORUN\GEE_Export_2025\Ordos_S2_MultiBand_2025-0000018944-0000018944.tif,EPSG:4326,EPSG:32648,831015.0377361318,4259640.518593342,837415.0377361318,4266040.518593342,10.0,DROPPED_BUFFER,1,0
t04_Ordos_S2_MultiBand_2025-0000018944-0000018944_r08704_c03072,E:\260827YOLORUN\GEE_Export_2025\Ordos_S2_MultiBand_2025-0000018944-0000018944.tif,EPSG:4326,EPSG:32648,805415.0377361318,4254520.518593342,811815.0377361318,4260920.518593342,10.0,train,2,0
t04_Ordos_S2_MultiBand_2025-0000018944-0000018944_r08704_c04608,E:\260827YOLORUN\GEE_Export_2025\Ordos_S2_MultiBand_2025-0000018944-0000018944.tif,EPSG:4326,EPSG:32648,820775.0377361318,4254520.518593342,827175.0377361318,4260920.518593342,10.0,train,1,0
t04_Ordos_S2_MultiBand_2025-0000018944-0000018944_r08704_c05632,E:\260827YOLORUN\GEE_Export_2025\Ordos_S2_MultiBand_2025-0000018944-0000018944.tif,EPSG:4326,EPSG:32648,831015.0377361318,4254520.518593342,837415.0377361318,4260920.518593342,10.0,DROPPED_BUFFER,2,0
t04_Ordos_S2_MultiBand_2025-0000018944-0000018944_r08704_c06656,E:\260827YOLORUN\GEE_Export_2025\Ordos_S2_MultiBand_2025-0000018944-0000018944.tif,EPSG:4326,EPSG:32648,841255.0377361318,4254520.518593342,847655.0377361318,4260920.518593342,10.0,val,1,0
t04_Ordos_S2_MultiBand_2025-0000018944-0000018944_r09216_c00000,E:\260827YOLORUN\GEE_Export_2025\Ordos_S2_MultiBand_2025-0000018944-0000018944.tif,EPSG:4326,EPSG:32648,774695.0377361318,4249400.518593342,781095.0377361318,4255800.518593342,10.0,train,2,0
t04_Ordos_S2_MultiBand_2025-0000018944-0000018944_r09216_c01536,E:\260827YOLORUN\GEE_Export_2025\Ordos_S2_MultiBand_2025-0000018944-0000018944.tif,EPSG:4326,EPSG:32648,790055.0377361318,4249400.518593342,796455.0377361318,4255800.518593342,10.0,train,1,0
t04_Ordos_S2_MultiBand_2025-0000018944-0000018944_r09216_c02048,E:\260827YOLORUN\GEE_Export_2025\Ordos_S2_MultiBand_2025-0000018944-0000018944.tif,EPSG:4326,EPSG:32648,795175.0377361318,4249400.518593342,801575.0377361318,4255800.518593342,10.0,train,3,0
t04_Ordos_S2_MultiBand_2025-0000018944-0000018944_r09216_c03072,E:\260827YOLORUN\GEE_Export_2025\Ordos_S2_MultiBand_2025-0000018944-0000018944.tif,EPSG:4326,EPSG:32648,805415.0377361318,4249400.518593342,811815.0377361318,4255800.518593342,10.0,train,3,0
t04_Ordos_S2_MultiBand_2025-0000018944-0000018944_r09216_c03584,E:\260827YOLORUN\GEE_Export_2025\Ordos_S2_MultiBand_2025-0000018944-0000018944.tif,EPSG:4326,EPSG:32648,810535.0377361318,4249400.518593342,816935.0377361318,4255800.518593342,10.0,train,2,0
t04_Ordos_S2_MultiBand_2025-0000018944-0000018944_r09216_c04096,E:\260827YOLORUN\GEE_Export_2025\Ordos_S2_MultiBand_2025-0000018944-0000018944.tif,EPSG:4326,EPSG:32648,815655.0377361318,4249400.518593342,822055.0377361318,4255800.518593342,10.0,train,1,0
t04_Ordos_S2_MultiBand_2025-0000018944-0000018944_r09216_c04608,E:\260827YOLORUN\GEE_Export_2025\Ordos_S2_MultiBand_2025-0000018944-0000018944.tif,EPSG:4326,EPSG:32648,820775.0377361318,4249400.518593342,827175.0377361318,4255800.518593342,10.0,train,3,0
t04_Ordos_S2_MultiBand_2025-0000018944-0000018944_r09216_c05120,E:\260827YOLORUN\GEE_Export_2025\Ordos_S2_MultiBand_2025-0000018944-0000018944.tif,EPSG:4326,EPSG:32648,825895.0377361318,4249400.518593342,832295.0377361318,4255800.518593342,10.0,train,2,0
t04_Ordos_S2_MultiBand_2025-0000018944-0000018944_r09216_c06144,E:\260827YOLORUN\GEE_Export_2025\Ordos_S2_MultiBand_2025-0000018944-0000018944.tif,EPSG:4326,EPSG:32648,836135.0377361318,4249400.518593342,842535.0377361318,4255800.518593342,10.0,val,3,0
t04_Ordos_S2_MultiBand_2025-0000018944-0000018944_r09216_c06656,E:\260827YOLORUN\GEE_Export_2025\Ordos_S2_MultiBand_2025-0000018944-0000018944.tif,EPSG:4326,EPSG:32648,841255.0377361318,4249400.518593342,847655.0377361318,4255800.518593342,10.0,val,2,0
t04_Ordos_S2_MultiBand_2025-0000018944-0000018944_r09728_c00000,E:\260827YOLORUN\GEE_Export_2025\Ordos_S2_MultiBand_2025-0000018944-0000018944.tif,EPSG:4326,EPSG:32648,774695.0377361318,4244280.518593342,781095.0377361318,4250680.518593342,10.0,train,3,0
t04_Ordos_S2_MultiBand_2025-0000018944-0000018944_r09728_c01024,E:\260827YOLORUN\GEE_Export_2025\Ordos_S2_MultiBand_2025-0000018944-0000018944.tif,EPSG:4326,EPSG:32648,784935.0377361318,4244280.518593342,791335.0377361318,4250680.518593342,10.0,train,3,0
t04_Ordos_S2_MultiBand_2025-0000018944-0000018944_r09728_c02048,E:\260827YOLORUN\GEE_Export_2025\Ordos_S2_MultiBand_2025-0000018944-0000018944.tif,EPSG:4326,EPSG:32648,795175.0377361318,4244280.518593342,801575.0377361318,4250680.518593342,10.0,train,1,0
t04_Ordos_S2_MultiBand_2025-0000018944-0000018944_r09728_c02560,E:\260827YOLORUN\GEE_Export_2025\Ordos_S2_MultiBand_2025-0000018944-0000018944.tif,EPSG:4326,EPSG:32648,800295.0377361318,4244280.518593342,806695.0377361318,4250680.518593342,10.0,train,1,0
t04_Ordos_S2_MultiBand_2025-0000018944-0000018944_r09728_c03072,E:\260827YOLORUN\GEE_Export_2025\Ordos_S2_MultiBand_2025-0000018944-0000018944.tif,EPSG:4326,EPSG:32648,805415.0377361318,4244280.518593342,811815.0377361318,4250680.518593342,10.0,train,2,0
t04_Ordos_S2_MultiBand_2025-0000018944-0000018944_r09728_c03584,E:\260827YOLORUN\GEE_Export_2025\Ordos_S2_MultiBand_2025-0000018944-0000018944.tif,EPSG:4326,EPSG:32648,810535.0377361318,4244280.518593342,816935.0377361318,4250680.518593342,10.0,train,3,0
t04_Ordos_S2_MultiBand_2025-0000018944-0000018944_r09728_c04608,E:\260827YOLORUN\GEE_Export_2025\Ordos_S2_MultiBand_2025-0000018944-0000018944.tif,EPSG:4326,EPSG:32648,820775.0377361318,4244280.518593342,827175.0377361318,4250680.518593342,10.0,train,2,0
t04_Ordos_S2_MultiBand_2025-0000018944-0000018944_r09728_c05120,E:\260827YOLORUN\GEE_Export_2025\Ordos_S2_MultiBand_2025-0000018944-0000018944.tif,EPSG:4326,EPSG:32648,825895.0377361318,4244280.518593342,832295.0377361318,4250680.518593342,10.0,train,4,0
t04_Ordos_S2_MultiBand_2025-0000018944-0000018944_r10240_c03072,E:\260827YOLORUN\GEE_Export_2025\Ordos_S2_MultiBand_2025-0000018944-0000018944.tif,EPSG:4326,EPSG:32648,805415.0377361318,4239160.518593342,811815.0377361318,4245560.518593342,10.0,train,1,0
t04_Ordos_S2_MultiBand_2025-0000018944-0000018944_r10240_c03584,E:\260827YOLORUN\GEE_Export_2025\Ordos_S2_MultiBand_2025-0000018944-0000018944.tif,EPSG:4326,EPSG:32648,810535.0377361318,4239160.518593342,816935.0377361318,4245560.518593342,10.0,train,1,0
t04_Ordos_S2_MultiBand_2025-0000018944-0000018944_r10240_c04096,E:\260827YOLORUN\GEE_Export_2025\Ordos_S2_MultiBand_2025-0000018944-0000018944.tif,EPSG:4326,EPSG:32648,815655.0377361318,4239160.518593342,822055.0377361318,4245560.518593342,10.0,train,2,0
t04_Ordos_S2_MultiBand_2025-0000018944-0000018944_r10240_c04608,E:\260827YOLORUN\GEE_Export_2025\Ordos_S2_MultiBand_2025-0000018944-0000018944.tif,EPSG:4326,EPSG:32648,820775.0377361318,4239160.518593342,827175.0377361318,4245560.518593342,10.0,train,2,0
t04_Ordos_S2_MultiBand_2025-0000018944-0000018944_r10752_c01024,E:\260827YOLORUN\GEE_Export_2025\Ordos_S2_MultiBand_2025-0000018944-0000018944.tif,EPSG:4326,EPSG:32648,784935.0377361318,4234040.518593342,791335.0377361318,4240440.518593342,10.0,train,8,0
t04_Ordos_S2_MultiBand_2025-0000018944-0000018944_r10752_c04608,E:\260827YOLORUN\GEE_Export_2025\Ordos_S2_MultiBand_2025-0000018944-0000018944.tif,EPSG:4326,EPSG:32648,820775.0377361318,4234040.518593342,827175.0377361318,4240440.518593342,10.0,train,3,0
t04_Ordos_S2_MultiBand_2025-0000018944-0000018944_r10752_c05120,E:\260827YOLORUN\GEE_Export_2025\Ordos_S2_MultiBand_2025-0000018944-0000018944.tif,EPSG:4326,EPSG:32648,825895.0377361318,4234040.518593342,832295.0377361318,4240440.518593342,10.0,train,1,0
t04_Ordos_S2_MultiBand_2025-0000018944-0000018944_r11264_c01024,E:\260827YOLORUN\GEE_Export_2025\Ordos_S2_MultiBand_2025-0000018944-0000018944.tif,EPSG:4326,EPSG:32648,784935.0377361318,4228920.518593342,791335.0377361318,4235320.518593342,10.0,train,14,0
t04_Ordos_S2_MultiBand_2025-0000018944-0000018944_r11264_c01536,E:\260827YOLORUN\GEE_Export_2025\Ordos_S2_MultiBand_2025-0000018944-0000018944.tif,EPSG:4326,EPSG:32648,790055.0377361318,4228920.518593342,796455.0377361318,4235320.518593342,10.0,train,1,0
t04_Ordos_S2_MultiBand_2025-0000018944-0000018944_r11264_c02048,E:\260827YOLORUN\GEE_Export_2025\Ordos_S2_MultiBand_2025-0000018944-0000018944.tif,EPSG:4326,EPSG:32648,795175.0377361318,4228920.518593342,801575.0377361318,4235320.518593342,10.0,train,3,0
t04_Ordos_S2_MultiBand_2025-0000018944-0000018944_r11264_c03072,E:\260827YOLORUN\GEE_Export_2025\Ordos_S2_MultiBand_2025-0000018944-0000018944.tif,EPSG:4326,EPSG:32648,805415.0377361318,4228920.518593342,811815.0377361318,4235320.518593342,10.0,train,3,0
t04_Ordos_S2_MultiBand_2025-0000018944-0000018944_r11264_c03584,E:\260827YOLORUN\GEE_Export_2025\Ordos_S2_MultiBand_2025-0000018944-0000018944.tif,EPSG:4326,EPSG:32648,810535.0377361318,4228920.518593342,816935.0377361318,4235320.518593342,10.0,train,1,0
t04_Ordos_S2_MultiBand_2025-0000018944-0000018944_r11264_c04096,E:\260827YOLORUN\GEE_Export_2025\Ordos_S2_MultiBand_2025-0000018944-0000018944.tif,EPSG:4326,EPSG:32648,815655.0377361318,4228920.518593342,822055.0377361318,4235320.518593342,10.0,train,1,0
t04_Ordos_S2_MultiBand_2025-0000018944-0000018944_r11264_c04608,E:\260827YOLORUN\GEE_Export_2025\Ordos_S2_MultiBand_2025-0000018944-0000018944.tif,EPSG:4326,EPSG:32648,820775.0377361318,4228920.518593342,827175.0377361318,4235320.518593342,10.0,train,1,0
t04_Ordos_S2_MultiBand_2025-0000018944-0000018944_r11264_c05120,E:\260827YOLORUN\GEE_Export_2025\Ordos_S2_MultiBand_2025-0000018944-0000018944.tif,EPSG:4326,EPSG:32648,825895.0377361318,4228920.518593342,832295.0377361318,4235320.518593342,10.0,train,1,0
t04_Ordos_S2_MultiBand_2025-0000018944-0000018944_r11776_c00000,E:\260827YOLORUN\GEE_Export_2025\Ordos_S2_MultiBand_2025-0000018944-0000018944.tif,EPSG:4326,EPSG:32648,774695.0377361318,4223800.518593342,781095.0377361318,4230200.518593342,10.0,train,5,0
t04_Ordos_S2_MultiBand_2025-0000018944-0000018944_r11776_c00512,E:\260827YOLORUN\GEE_Export_2025\Ordos_S2_MultiBand_2025-0000018944-0000018944.tif,EPSG:4326,EPSG:32648,779815.0377361318,4223800.518593342,786215.0377361318,4230200.518593342,10.0,train,9,0
t04_Ordos_S2_MultiBand_2025-0000018944-0000018944_r11776_c03072,E:\260827YOLORUN\GEE_Export_2025\Ordos_S2_MultiBand_2025-0000018944-0000018944.tif,EPSG:4326,EPSG:32648,805415.0377361318,4223800.518593342,811815.0377361318,4230200.518593342,10.0,train,1,0
t04_Ordos_S2_MultiBand_2025-0000018944-0000018944_r11776_c03584,E:\260827YOLORUN\GEE_Export_2025\Ordos_S2_MultiBand_2025-0000018944-0000018944.tif,EPSG:4326,EPSG:32648,810535.0377361318,4223800.518593342,816935.0377361318,4230200.518593342,10.0,train,1,0
t04_Ordos_S2_MultiBand_2025-0000018944-0000018944_r12288_c00512,E:\260827YOLORUN\GEE_Export_2025\Ordos_S2_MultiBand_2025-0000018944-0000018944.tif,EPSG:4326,EPSG:32648,779815.0377361318,4218680.518593342,786215.0377361318,4225080.518593342,10.0,train,8,0
t04_Ordos_S2_MultiBand_2025-0000018944-0000018944_r12288_c01024,E:\260827YOLORUN\GEE_Export_2025\Ordos_S2_MultiBand_2025-0000018944-0000018944.tif,EPSG:4326,EPSG:32648,784935.0377361318,4218680.518593342,791335.0377361318,4225080.518593342,10.0,train,2,0
t04_Ordos_S2_MultiBand_2025-0000018944-0000018944_r12288_c01536,E:\260827YOLORUN\GEE_Export_2025\Ordos_S2_MultiBand_2025-0000018944-0000018944.tif,EPSG:4326,EPSG:32648,790055.0377361318,4218680.518593342,796455.0377361318,4225080.518593342,10.0,train,9,0
t04_Ordos_S2_MultiBand_2025-0000018944-0000018944_r12800_c02048,E:\260827YOLORUN\GEE_Export_2025\Ordos_S2_MultiBand_2025-0000018944-0000018944.tif,EPSG:4326,EPSG:32648,795175.0377361318,4213560.518593342,801575.0377361318,4219960.518593342,10.0,train,2,0
t04_Ordos_S2_MultiBand_2025-0000018944-0000018944_r12800_c02560,E:\260827YOLORUN\GEE_Export_2025\Ordos_S2_MultiBand_2025-0000018944-0000018944.tif,EPSG:4326,EPSG:32648,800295.0377361318,4213560.518593342,806695.0377361318,4219960.518593342,10.0,train,10,0
t04_Ordos_S2_MultiBand_2025-0000018944-0000018944_r12800_c03072,E:\260827YOLORUN\GEE_Export_2025\Ordos_S2_MultiBand_2025-0000018944-0000018944.tif,EPSG:4326,EPSG:32648,805415.0377361318,4213560.518593342,811815.0377361318,4219960.518593342,10.0,train,8,0
t04_Ordos_S2_MultiBand_2025-0000018944-0000018944_r12800_c03584,E:\260827YOLORUN\GEE_Export_2025\Ordos_S2_MultiBand_2025-0000018944-0000018944.tif,EPSG:4326,EPSG:32648,810535.0377361318,4213560.518593342,816935.0377361318,4219960.518593342,10.0,train,6,0
t04_Ordos_S2_MultiBand_2025-0000018944-0000018944_r12800_c05120,E:\260827YOLORUN\GEE_Export_2025\Ordos_S2_MultiBand_2025-0000018944-0000018944.tif,EPSG:4326,EPSG:32648,825895.0377361318,4213560.518593342,832295.0377361318,4219960.518593342,10.0,train,6,0
t04_Ordos_S2_MultiBand_2025-0000018944-0000018944_r13312_c00512,E:\260827YOLORUN\GEE_Export_2025\Ordos_S2_MultiBand_2025-0000018944-0000018944.tif,EPSG:4326,EPSG:32648,779815.0377361318,4208440.518593342,786215.0377361318,4214840.518593342,10.0,train,6,0
t04_Ordos_S2_MultiBand_2025-0000018944-0000018944_r13312_c01536,E:\260827YOLORUN\GEE_Export_2025\Ordos_S2_MultiBand_2025-0000018944-0000018944.tif,EPSG:4326,EPSG:32648,790055.0377361318,4208440.518593342,796455.0377361318,4214840.518593342,10.0,train,12,0
t04_Ordos_S2_MultiBand_2025-0000018944-0000018944_r13312_c03584,E:\260827YOLORUN\GEE_Export_2025\Ordos_S2_MultiBand_2025-0000018944-0000018944.tif,EPSG:4326,EPSG:32648,810535.0377361318,4208440.518593342,816935.0377361318,4214840.518593342,10.0,train,2,0
t04_Ordos_S2_MultiBand_2025-0000018944-0000018944_r13824_c01536,E:\260827YOLORUN\GEE_Export_2025\Ordos_S2_MultiBand_2025-0000018944-0000018944.tif,EPSG:4326,EPSG:32648,790055.0377361318,4203320.518593342,796455.0377361318,4209720.518593342,10.0,train,14,0
t04_Ordos_S2_MultiBand_2025-0000018944-0000018944_r13824_c03072,E:\260827YOLORUN\GEE_Export_2025\Ordos_S2_MultiBand_2025-0000018944-0000018944.tif,EPSG:4326,EPSG:32648,805415.0377361318,4203320.518593342,811815.0377361318,4209720.518593342,10.0,train,2,0
t04_Ordos_S2_MultiBand_2025-0000018944-0000018944_r13824_c04096,E:\260827YOLORUN\GEE_Export_2025\Ordos_S2_MultiBand_2025-0000018944-0000018944.tif,EPSG:4326,EPSG:32648,815655.0377361318,4203320.518593342,822055.0377361318,4209720.518593342,10.0,train,12,0
t04_Ordos_S2_MultiBand_2025-0000018944-0000018944_r13824_c05120,E:\260827YOLORUN\GEE_Export_2025\Ordos_S2_MultiBand_2025-0000018944-0000018944.tif,EPSG:4326,EPSG:32648,825895.0377361318,4203320.518593342,832295.0377361318,4209720.518593342,10.0,train,13,0
t04_Ordos_S2_MultiBand_2025-0000018944-0000018944_r14336_c01536,E:\260827YOLORUN\GEE_Export_2025\Ordos_S2_MultiBand_2025-0000018944-0000018944.tif,EPSG:4326,EPSG:32648,790055.0377361318,4198200.518593342,796455.0377361318,4204600.518593342,10.0,train,20,0
t04_Ordos_S2_MultiBand_2025-0000018944-0000018944_r14336_c03072,E:\260827YOLORUN\GEE_Export_2025\Ordos_S2_MultiBand_2025-0000018944-0000018944.tif,EPSG:4326,EPSG:32648,805415.0377361318,4198200.518593342,811815.0377361318,4204600.518593342,10.0,train,1,0
t04_Ordos_S2_MultiBand_2025-0000018944-0000018944_r14336_c04608,E:\260827YOLORUN\GEE_Export_2025\Ordos_S2_MultiBand_2025-0000018944-0000018944.tif,EPSG:4326,EPSG:32648,820775.0377361318,4198200.518593342,827175.0377361318,4204600.518593342,10.0,train,13,0
t04_Ordos_S2_MultiBand_2025-0000018944-0000018944_r14848_c01024,E:\260827YOLORUN\GEE_Export_2025\Ordos_S2_MultiBand_2025-0000018944-0000018944.tif,EPSG:4326,EPSG:32648,784935.0377361318,4193080.518593342,791335.0377361318,4199480.518593342,10.0,train,21,0
t04_Ordos_S2_MultiBand_2025-0000018944-0000018944_r14848_c02560,E:\260827YOLORUN\GEE_Export_2025\Ordos_S2_MultiBand_2025-0000018944-0000018944.tif,EPSG:4326,EPSG:32648,800295.0377361318,4193080.518593342,806695.0377361318,4199480.518593342,10.0,train,11,0
t04_Ordos_S2_MultiBand_2025-0000018944-0000018944_r15360_c02560,E:\260827YOLORUN\GEE_Export_2025\Ordos_S2_MultiBand_2025-0000018944-0000018944.tif,EPSG:4326,EPSG:32648,800295.0377361318,4187960.518593342,806695.0377361318,4194360.518593342,10.0,train,8,0
t04_Ordos_S2_MultiBand_2025-0000018944-0000018944_r15872_c03072,E:\260827YOLORUN\GEE_Export_2025\Ordos_S2_MultiBand_2025-0000018944-0000018944.tif,EPSG:4326,EPSG:32648,805415.0377361318,4182840.518593342,811815.0377361318,4189240.518593342,10.0,train,6,0
t04_Ordos_S2_MultiBand_2025-0000018944-0000018944_r15872_c03584,E:\260827YOLORUN\GEE_Export_2025\Ordos_S2_MultiBand_2025-0000018944-0000018944.tif,EPSG:4326,EPSG:32648,810535.0377361318,4182840.518593342,816935.0377361318,4189240.518593342,10.0,train,9,0
t04_Ordos_S2_MultiBand_2025-0000018944-0000018944_r16384_c02560,E:\260827YOLORUN\GEE_Export_2025\Ordos_S2_MultiBand_2025-0000018944-0000018944.tif,EPSG:4326,EPSG:32648,800295.0377361318,4177720.518593342,806695.0377361318,4184120.518593342,10.0,train,2,0
t04_Ordos_S2_MultiBand_2025-0000018944-0000018944_r16896_c00000,E:\260827YOLORUN\GEE_Export_2025\Ordos_S2_MultiBand_2025-0000018944-0000018944.tif,EPSG:4326,EPSG:32648,774695.0377361318,4172600.518593342,781095.0377361318,4179000.518593342,10.0,train,11,0
t04_Ordos_S2_MultiBand_2025-0000018944-0000018944_r17348_c00000,E:\260827YOLORUN\GEE_Export_2025\Ordos_S2_MultiBand_2025-0000018944-0000018944.tif,EPSG:4326,EPSG:32648,774695.0377361318,4168080.518593342,781095.0377361318,4174480.518593342,10.0,train,1,0
t04_Ordos_S2_MultiBand_2025-0000018944-0000018944_r00000_c11776,E:\260827YOLORUN\GEE_Export_2025\Ordos_S2_MultiBand_2025-0000018944-0000018944.tif,EPSG:4326,EPSG:32648,892455.0377361318,4341560.518593342,898855.0377361318,4347960.518593342,10.0,val,0,1
t04_Ordos_S2_MultiBand_2025-0000018944-0000018944_r00000_c12800,E:\260827YOLORUN\GEE_Export_2025\Ordos_S2_MultiBand_2025-0000018944-0000018944.tif,EPSG:4326,EPSG:32648,902695.0377361318,4341560.518593342,909095.0377361318,4347960.518593342,10.0,val,0,1
t04_Ordos_S2_MultiBand_2025-0000018944-0000018944_r00000_c13312,E:\260827YOLORUN\GEE_Export_2025\Ordos_S2_MultiBand_2025-0000018944-0000018944.tif,EPSG:4326,EPSG:32648,907815.0377361318,4341560.518593342,914215.0377361318,4347960.518593342,10.0,val,0,1
t04_Ordos_S2_MultiBand_2025-0000018944-0000018944_r00000_c14336,E:\260827YOLORUN\GEE_Export_2025\Ordos_S2_MultiBand_2025-0000018944-0000018944.tif,EPSG:4326,EPSG:32648,918055.0377361318,4341560.518593342,924455.0377361318,4347960.518593342,10.0,val,0,1
t04_Ordos_S2_MultiBand_2025-0000018944-0000018944_r01024_c03072,E:\260827YOLORUN\GEE_Export_2025\Ordos_S2_MultiBand_2025-0000018944-0000018944.tif,EPSG:4326,EPSG:32648,805415.0377361318,4331320.518593342,811815.0377361318,4337720.518593342,10.0,train,0,1
t04_Ordos_S2_MultiBand_2025-0000018944-0000018944_r01024_c04096,E:\260827YOLORUN\GEE_Export_2025\Ordos_S2_MultiBand_2025-0000018944-0000018944.tif,EPSG:4326,EPSG:32648,815655.0377361318,4331320.518593342,822055.0377361318,4337720.518593342,10.0,train,0,1
t04_Ordos_S2_MultiBand_2025-0000018944-0000018944_r01024_c07168,E:\260827YOLORUN\GEE_Export_2025\Ordos_S2_MultiBand_2025-0000018944-0000018944.tif,EPSG:4326,EPSG:32648,846375.0377361318,4331320.518593342,852775.0377361318,4337720.518593342,10.0,val,0,1
t04_Ordos_S2_MultiBand_2025-0000018944-0000018944_r01536_c06656,E:\260827YOLORUN\GEE_Export_2025\Ordos_S2_MultiBand_2025-0000018944-0000018944.tif,EPSG:4326,EPSG:32648,841255.0377361318,4326200.518593342,847655.0377361318,4332600.518593342,10.0,val,0,1
t04_Ordos_S2_MultiBand_2025-0000018944-0000018944_r01536_c14336,E:\260827YOLORUN\GEE_Export_2025\Ordos_S2_MultiBand_2025-0000018944-0000018944.tif,EPSG:4326,EPSG:32648,918055.0377361318,4326200.518593342,924455.0377361318,4332600.518593342,10.0,val,0,1
t04_Ordos_S2_MultiBand_2025-0000018944-0000018944_r01536_c14848,E:\260827YOLORUN\GEE_Export_2025\Ordos_S2_MultiBand_2025-0000018944-0000018944.tif,EPSG:4326,EPSG:32648,923175.0377361318,4326200.518593342,929575.0377361318,4332600.518593342,10.0,val,0,1
t04_Ordos_S2_MultiBand_2025-0000018944-0000018944_r02048_c01536,E:\260827YOLORUN\GEE_Export_2025\Ordos_S2_MultiBand_2025-0000018944-0000018944.tif,EPSG:4326,EPSG:32648,790055.0377361318,4321080.518593342,796455.0377361318,4327480.518593342,10.0,train,0,1
t04_Ordos_S2_MultiBand_2025-0000018944-0000018944_r02048_c02560,E:\260827YOLORUN\GEE_Export_2025\Ordos_S2_MultiBand_2025-0000018944-0000018944.tif,EPSG:4326,EPSG:32648,800295.0377361318,4321080.518593342,806695.0377361318,4327480.518593342,10.0,train,0,1
t04_Ordos_S2_MultiBand_2025-0000018944-0000018944_r02048_c07168,E:\260827YOLORUN\GEE_Export_2025\Ordos_S2_MultiBand_2025-0000018944-0000018944.tif,EPSG:4326,EPSG:32648,846375.0377361318,4321080.518593342,852775.0377361318,4327480.518593342,10.0,val,0,1
t04_Ordos_S2_MultiBand_2025-0000018944-0000018944_r02048_c09216,E:\260827YOLORUN\GEE_Export_2025\Ordos_S2_MultiBand_2025-0000018944-0000018944.tif,EPSG:4326,EPSG:32648,866855.0377361318,4321080.518593342,873255.0377361318,4327480.518593342,10.0,val,0,1
t04_Ordos_S2_MultiBand_2025-0000018944-0000018944_r02560_c09728,E:\260827YOLORUN\GEE_Export_2025\Ordos_S2_MultiBand_2025-0000018944-0000018944.tif,EPSG:4326,EPSG:32648,871975.0377361318,4315960.518593342,878375.0377361318,4322360.518593342,10.0,val,0,1
t04_Ordos_S2_MultiBand_2025-0000018944-0000018944_r02560_c11264,E:\260827YOLORUN\GEE_Export_2025\Ordos_S2_MultiBand_2025-0000018944-0000018944.tif,EPSG:4326,EPSG:32648,887335.0377361318,4315960.518593342,893735.0377361318,4322360.518593342,10.0,val,0,1
t04_Ordos_S2_MultiBand_2025-0000018944-0000018944_r03072_c02560,E:\260827YOLORUN\GEE_Export_2025\Ordos_S2_MultiBand_2025-0000018944-0000018944.tif,EPSG:4326,EPSG:32648,800295.0377361318,4310840.518593342,806695.0377361318,4317240.518593342,10.0,train,0,1
t04_Ordos_S2_MultiBand_2025-0000018944-0000018944_r03072_c08704,E:\260827YOLORUN\GEE_Export_2025\Ordos_S2_MultiBand_2025-0000018944-0000018944.tif,EPSG:4326,EPSG:32648,861735.0377361318,4310840.518593342,868135.0377361318,4317240.518593342,10.0,val,0,1
t04_Ordos_S2_MultiBand_2025-0000018944-0000018944_r03072_c14986,E:\260827YOLORUN\GEE_Export_2025\Ordos_S2_MultiBand_2025-0000018944-0000018944.tif,EPSG:4326,EPSG:32648,924555.0377361318,4310840.518593342,930955.0377361318,4317240.518593342,10.0,val,0,1
t04_Ordos_S2_MultiBand_2025-0000018944-0000018944_r04096_c05632,E:\260827YOLORUN\GEE_Export_2025\Ordos_S2_MultiBand_2025-0000018944-0000018944.tif,EPSG:4326,EPSG:32648,831015.0377361318,4300600.518593342,837415.0377361318,4307000.518593342,10.0,DROPPED_BUFFER,0,1
t04_Ordos_S2_MultiBand_2025-0000018944-0000018944_r04096_c06144,E:\260827YOLORUN\GEE_Export_2025\Ordos_S2_MultiBand_2025-0000018944-0000018944.tif,EPSG:4326,EPSG:32648,836135.0377361318,4300600.518593342,842535.0377361318,4307000.518593342,10.0,val,0,1
t04_Ordos_S2_MultiBand_2025-0000018944-0000018944_r04096_c08704,E:\260827YOLORUN\GEE_Export_2025\Ordos_S2_MultiBand_2025-0000018944-0000018944.tif,EPSG:4326,EPSG:32648,861735.0377361318,4300600.518593342,868135.0377361318,4307000.518593342,10.0,val,0,1
t04_Ordos_S2_MultiBand_2025-0000018944-0000018944_r04096_c09728,E:\260827YOLORUN\GEE_Export_2025\Ordos_S2_MultiBand_2025-0000018944-0000018944.tif,EPSG:4326,EPSG:32648,871975.0377361318,4300600.518593342,878375.0377361318,4307000.518593342,10.0,val,0,1
t04_Ordos_S2_MultiBand_2025-0000018944-0000018944_r04096_c10240,E:\260827YOLORUN\GEE_Export_2025\Ordos_S2_MultiBand_2025-0000018944-0000018944.tif,EPSG:4326,EPSG:32648,877095.0377361318,4300600.518593342,883495.0377361318,4307000.518593342,10.0,val,0,1
t04_Ordos_S2_MultiBand_2025-0000018944-0000018944_r04608_c02560,E:\260827YOLORUN\GEE_Export_2025\Ordos_S2_MultiBand_2025-0000018944-0000018944.tif,EPSG:4326,EPSG:32648,800295.0377361318,4295480.518593342,806695.0377361318,4301880.518593342,10.0,train,0,1
t04_Ordos_S2_MultiBand_2025-0000018944-0000018944_r04608_c06144,E:\260827YOLORUN\GEE_Export_2025\Ordos_S2_MultiBand_2025-0000018944-0000018944.tif,EPSG:4326,EPSG:32648,836135.0377361318,4295480.518593342,842535.0377361318,4301880.518593342,10.0,val,0,1
t04_Ordos_S2_MultiBand_2025-0000018944-0000018944_r04608_c07168,E:\260827YOLORUN\GEE_Export_2025\Ordos_S2_MultiBand_2025-0000018944-0000018944.tif,EPSG:4326,EPSG:32648,846375.0377361318,4295480.518593342,852775.0377361318,4301880.518593342,10.0,val,0,1
t04_Ordos_S2_MultiBand_2025-0000018944-0000018944_r04608_c11776,E:\260827YOLORUN\GEE_Export_2025\Ordos_S2_MultiBand_2025-0000018944-0000018944.tif,EPSG:4326,EPSG:32648,892455.0377361318,4295480.518593342,898855.0377361318,4301880.518593342,10.0,val,0,1
t04_Ordos_S2_MultiBand_2025-0000018944-0000018944_r04608_c12288,E:\260827YOLORUN\GEE_Export_2025\Ordos_S2_MultiBand_2025-0000018944-0000018944.tif,EPSG:4326,EPSG:32648,897575.0377361318,4295480.518593342,903975.0377361318,4301880.518593342,10.0,val,0,1
t04_Ordos_S2_MultiBand_2025-0000018944-0000018944_r05120_c04096,E:\260827YOLORUN\GEE_Export_2025\Ordos_S2_MultiBand_2025-0000018944-0000018944.tif,EPSG:4326,EPSG:32648,815655.0377361318,4290360.518593342,822055.0377361318,4296760.518593342,10.0,train,0,1
t04_Ordos_S2_MultiBand_2025-0000018944-0000018944_r05120_c13312,E:\260827YOLORUN\GEE_Export_2025\Ordos_S2_MultiBand_2025-0000018944-0000018944.tif,EPSG:4326,EPSG:32648,907815.0377361318,4290360.518593342,914215.0377361318,4296760.518593342,10.0,val,0,1
t04_Ordos_S2_MultiBand_2025-0000018944-0000018944_r05120_c14336,E:\260827YOLORUN\GEE_Export_2025\Ordos_S2_MultiBand_2025-0000018944-0000018944.tif,EPSG:4326,EPSG:32648,918055.0377361318,4290360.518593342,924455.0377361318,4296760.518593342,10.0,val,0,1
t04_Ordos_S2_MultiBand_2025-0000018944-0000018944_r05632_c02560,E:\260827YOLORUN\GEE_Export_2025\Ordos_S2_MultiBand_2025-0000018944-0000018944.tif,EPSG:4326,EPSG:32648,800295.0377361318,4285240.518593342,806695.0377361318,4291640.518593342,10.0,train,0,1
t04_Ordos_S2_MultiBand_2025-0000018944-0000018944_r05632_c04096,E:\260827YOLORUN\GEE_Export_2025\Ordos_S2_MultiBand_2025-0000018944-0000018944.tif,EPSG:4326,EPSG:32648,815655.0377361318,4285240.518593342,822055.0377361318,4291640.518593342,10.0,train,0,1
t04_Ordos_S2_MultiBand_2025-0000018944-0000018944_r05632_c05632,E:\260827YOLORUN\GEE_Export_2025\Ordos_S2_MultiBand_2025-0000018944-0000018944.tif,EPSG:4326,EPSG:32648,831015.0377361318,4285240.518593342,837415.0377361318,4291640.518593342,10.0,DROPPED_BUFFER,0,1
t04_Ordos_S2_MultiBand_2025-0000018944-0000018944_r06144_c03072,E:\260827YOLORUN\GEE_Export_2025\Ordos_S2_MultiBand_2025-0000018944-0000018944.tif,EPSG:4326,EPSG:32648,805415.0377361318,4280120.518593342,811815.0377361318,4286520.518593342,10.0,train,0,1
t04_Ordos_S2_MultiBand_2025-0000018944-0000018944_r06144_c10240,E:\260827YOLORUN\GEE_Export_2025\Ordos_S2_MultiBand_2025-0000018944-0000018944.tif,EPSG:4326,EPSG:32648,877095.0377361318,4280120.518593342,883495.0377361318,4286520.518593342,10.0,val,0,1
t04_Ordos_S2_MultiBand_2025-0000018944-0000018944_r06656_c02048,E:\260827YOLORUN\GEE_Export_2025\Ordos_S2_MultiBand_2025-0000018944-0000018944.tif,EPSG:4326,EPSG:32648,795175.0377361318,4275000.518593342,801575.0377361318,4281400.518593342,10.0,train,0,1
t04_Ordos_S2_MultiBand_2025-0000018944-0000018944_r06656_c12800,E:\260827YOLORUN\GEE_Export_2025\Ordos_S2_MultiBand_2025-0000018944-0000018944.tif,EPSG:4326,EPSG:32648,902695.0377361318,4275000.518593342,909095.0377361318,4281400.518593342,10.0,val,0,1
t04_Ordos_S2_MultiBand_2025-0000018944-0000018944_r07168_c09728,E:\260827YOLORUN\GEE_Export_2025\Ordos_S2_MultiBand_2025-0000018944-0000018944.tif,EPSG:4326,EPSG:32648,871975.0377361318,4269880.518593342,878375.0377361318,4276280.518593342,10.0,val,0,1
t04_Ordos_S2_MultiBand_2025-0000018944-0000018944_r07168_c14848,E:\260827YOLORUN\GEE_Export_2025\Ordos_S2_MultiBand_2025-0000018944-0000018944.tif,EPSG:4326,EPSG:32648,923175.0377361318,4269880.518593342,929575.0377361318,4276280.518593342,10.0,val,0,1
t04_Ordos_S2_MultiBand_2025-0000018944-0000018944_r07680_c12288,E:\260827YOLORUN\GEE_Export_2025\Ordos_S2_MultiBand_2025-0000018944-0000018944.tif,EPSG:4326,EPSG:32648,897575.0377361318,4264760.518593342,903975.0377361318,4271160.518593342,10.0,val,0,1
t04_Ordos_S2_MultiBand_2025-0000018944-0000018944_r08192_c06656,E:\260827YOLORUN\GEE_Export_2025\Ordos_S2_MultiBand_2025-0000018944-0000018944.tif,EPSG:4326,EPSG:32648,841255.0377361318,4259640.518593342,847655.0377361318,4266040.518593342,10.0,val,0,1
t04_Ordos_S2_MultiBand_2025-0000018944-0000018944_r08192_c09216,E:\260827YOLORUN\GEE_Export_2025\Ordos_S2_MultiBand_2025-0000018944-0000018944.tif,EPSG:4326,EPSG:32648,866855.0377361318,4259640.518593342,873255.0377361318,4266040.518593342,10.0,val,0,1
t04_Ordos_S2_MultiBand_2025-0000018944-0000018944_r08192_c10752,E:\260827YOLORUN\GEE_Export_2025\Ordos_S2_MultiBand_2025-0000018944-0000018944.tif,EPSG:4326,EPSG:32648,882215.0377361318,4259640.518593342,888615.0377361318,4266040.518593342,10.0,val,0,1
t04_Ordos_S2_MultiBand_2025-0000018944-0000018944_r08192_c12288,E:\260827YOLORUN\GEE_Export_2025\Ordos_S2_MultiBand_2025-0000018944-0000018944.tif,EPSG:4326,EPSG:32648,897575.0377361318,4259640.518593342,903975.0377361318,4266040.518593342,10.0,val,0,1
t04_Ordos_S2_MultiBand_2025-0000018944-0000018944_r08192_c13824,E:\260827YOLORUN\GEE_Export_2025\Ordos_S2_MultiBand_2025-0000018944-0000018944.tif,EPSG:4326,EPSG:32648,912935.0377361318,4259640.518593342,919335.0377361318,4266040.518593342,10.0,val,0,1
t04_Ordos_S2_MultiBand_2025-0000018944-0000018944_r08704_c04096,E:\260827YOLORUN\GEE_Export_2025\Ordos_S2_MultiBand_2025-0000018944-0000018944.tif,EPSG:4326,EPSG:32648,815655.0377361318,4254520.518593342,822055.0377361318,4260920.518593342,10.0,train,0,1
t04_Ordos_S2_MultiBand_2025-0000018944-0000018944_r09216_c09728,E:\260827YOLORUN\GEE_Export_2025\Ordos_S2_MultiBand_2025-0000018944-0000018944.tif,EPSG:4326,EPSG:32648,871975.0377361318,4249400.518593342,878375.0377361318,4255800.518593342,10.0,val,0,1
t04_Ordos_S2_MultiBand_2025-0000018944-0000018944_r09216_c12288,E:\260827YOLORUN\GEE_Export_2025\Ordos_S2_MultiBand_2025-0000018944-0000018944.tif,EPSG:4326,EPSG:32648,897575.0377361318,4249400.518593342,903975.0377361318,4255800.518593342,10.0,val,0,1
t04_Ordos_S2_MultiBand_2025-0000018944-0000018944_r09216_c14336,E:\260827YOLORUN\GEE_Export_2025\Ordos_S2_MultiBand_2025-0000018944-0000018944.tif,EPSG:4326,EPSG:32648,918055.0377361318,4249400.518593342,924455.0377361318,4255800.518593342,10.0,val,0,1
t04_Ordos_S2_MultiBand_2025-0000018944-0000018944_r09728_c04096,E:\260827YOLORUN\GEE_Export_2025\Ordos_S2_MultiBand_2025-0000018944-0000018944.tif,EPSG:4326,EPSG:32648,815655.0377361318,4244280.518593342,822055.0377361318,4250680.518593342,10.0,train,0,1
t04_Ordos_S2_MultiBand_2025-0000018944-0000018944_r10240_c07168,E:\260827YOLORUN\GEE_Export_2025\Ordos_S2_MultiBand_2025-0000018944-0000018944.tif,EPSG:4326,EPSG:32648,846375.0377361318,4239160.518593342,852775.0377361318,4245560.518593342,10.0,val,0,1
t04_Ordos_S2_MultiBand_2025-0000018944-0000018944_r10240_c07680,E:\260827YOLORUN\GEE_Export_2025\Ordos_S2_MultiBand_2025-0000018944-0000018944.tif,EPSG:4326,EPSG:32648,851495.0377361318,4239160.518593342,857895.0377361318,4245560.518593342,10.0,val,0,1
t04_Ordos_S2_MultiBand_2025-0000018944-0000018944_r10752_c05632,E:\260827YOLORUN\GEE_Export_2025\Ordos_S2_MultiBand_2025-0000018944-0000018944.tif,EPSG:4326,EPSG:32648,831015.0377361318,4234040.518593342,837415.0377361318,4240440.518593342,10.0,DROPPED_BUFFER,0,1
t04_Ordos_S2_MultiBand_2025-0000018944-0000018944_r10752_c06656,E:\260827YOLORUN\GEE_Export_2025\Ordos_S2_MultiBand_2025-0000018944-0000018944.tif,EPSG:4326,EPSG:32648,841255.0377361318,4234040.518593342,847655.0377361318,4240440.518593342,10.0,val,0,1
t04_Ordos_S2_MultiBand_2025-0000018944-0000018944_r10752_c12800,E:\260827YOLORUN\GEE_Export_2025\Ordos_S2_MultiBand_2025-0000018944-0000018944.tif,EPSG:4326,EPSG:32648,902695.0377361318,4234040.518593342,909095.0377361318,4240440.518593342,10.0,val,0,1
t04_Ordos_S2_MultiBand_2025-0000018944-0000018944_r11264_c07680,E:\260827YOLORUN\GEE_Export_2025\Ordos_S2_MultiBand_2025-0000018944-0000018944.tif,EPSG:4326,EPSG:32648,851495.0377361318,4228920.518593342,857895.0377361318,4235320.518593342,10.0,val,0,1
t04_Ordos_S2_MultiBand_2025-0000018944-0000018944_r11776_c02560,E:\260827YOLORUN\GEE_Export_2025\Ordos_S2_MultiBand_2025-0000018944-0000018944.tif,EPSG:4326,EPSG:32648,800295.0377361318,4223800.518593342,806695.0377361318,4230200.518593342,10.0,train,0,1
t04_Ordos_S2_MultiBand_2025-0000018944-0000018944_r11776_c04608,E:\260827YOLORUN\GEE_Export_2025\Ordos_S2_MultiBand_2025-0000018944-0000018944.tif,EPSG:4326,EPSG:32648,820775.0377361318,4223800.518593342,827175.0377361318,4230200.518593342,10.0,train,0,1
t04_Ordos_S2_MultiBand_2025-0000018944-0000018944_r11776_c07168,E:\260827YOLORUN\GEE_Export_2025\Ordos_S2_MultiBand_2025-0000018944-0000018944.tif,EPSG:4326,EPSG:32648,846375.0377361318,4223800.518593342,852775.0377361318,4230200.518593342,10.0,val,0,1
t04_Ordos_S2_MultiBand_2025-0000018944-0000018944_r11776_c08192,E:\260827YOLORUN\GEE_Export_2025\Ordos_S2_MultiBand_2025-0000018944-0000018944.tif,EPSG:4326,EPSG:32648,856615.0377361318,4223800.518593342,863015.0377361318,4230200.518593342,10.0,val,0,1
t04_Ordos_S2_MultiBand_2025-0000018944-0000018944_r11776_c10752,E:\260827YOLORUN\GEE_Export_2025\Ordos_S2_MultiBand_2025-0000018944-0000018944.tif,EPSG:4326,EPSG:32648,882215.0377361318,4223800.518593342,888615.0377361318,4230200.518593342,10.0,val,0,1
t04_Ordos_S2_MultiBand_2025-0000018944-0000018944_r12288_c13824,E:\260827YOLORUN\GEE_Export_2025\Ordos_S2_MultiBand_2025-0000018944-0000018944.tif,EPSG:4326,EPSG:32648,912935.0377361318,4218680.518593342,919335.0377361318,4225080.518593342,10.0,val,0,1
t04_Ordos_S2_MultiBand_2025-0000018944-0000018944_r12800_c06144,E:\260827YOLORUN\GEE_Export_2025\Ordos_S2_MultiBand_2025-0000018944-0000018944.tif,EPSG:4326,EPSG:32648,836135.0377361318,4213560.518593342,842535.0377361318,4219960.518593342,10.0,val,0,1
t04_Ordos_S2_MultiBand_2025-0000018944-0000018944_r12800_c08192,E:\260827YOLORUN\GEE_Export_2025\Ordos_S2_MultiBand_2025-0000018944-0000018944.tif,EPSG:4326,EPSG:32648,856615.0377361318,4213560.518593342,863015.0377361318,4219960.518593342,10.0,val,0,1
t04_Ordos_S2_MultiBand_2025-0000018944-0000018944_r13312_c05632,E:\260827YOLORUN\GEE_Export_2025\Ordos_S2_MultiBand_2025-0000018944-0000018944.tif,EPSG:4326,EPSG:32648,831015.0377361318,4208440.518593342,837415.0377361318,4214840.518593342,10.0,DROPPED_BUFFER,0,1
t04_Ordos_S2_MultiBand_2025-0000018944-0000018944_r13312_c08704,E:\260827YOLORUN\GEE_Export_2025\Ordos_S2_MultiBand_2025-0000018944-0000018944.tif,EPSG:4326,EPSG:32648,861735.0377361318,4208440.518593342,868135.0377361318,4214840.518593342,10.0,val,0,1
t04_Ordos_S2_MultiBand_2025-0000018944-0000018944_r13312_c13312,E:\260827YOLORUN\GEE_Export_2025\Ordos_S2_MultiBand_2025-0000018944-0000018944.tif,EPSG:4326,EPSG:32648,907815.0377361318,4208440.518593342,914215.0377361318,4214840.518593342,10.0,val,0,1
t04_Ordos_S2_MultiBand_2025-0000018944-0000018944_r13824_c05632,E:\260827YOLORUN\GEE_Export_2025\Ordos_S2_MultiBand_2025-0000018944-0000018944.tif,EPSG:4326,EPSG:32648,831015.0377361318,4203320.518593342,837415.0377361318,4209720.518593342,10.0,DROPPED_BUFFER,0,1
t04_Ordos_S2_MultiBand_2025-0000018944-0000018944_r13824_c06656,E:\260827YOLORUN\GEE_Export_2025\Ordos_S2_MultiBand_2025-0000018944-0000018944.tif,EPSG:4326,EPSG:32648,841255.0377361318,4203320.518593342,847655.0377361318,4209720.518593342,10.0,val,0,1
t04_Ordos_S2_MultiBand_2025-0000018944-0000018944_r13824_c10752,E:\260827YOLORUN\GEE_Export_2025\Ordos_S2_MultiBand_2025-0000018944-0000018944.tif,EPSG:4326,EPSG:32648,882215.0377361318,4203320.518593342,888615.0377361318,4209720.518593342,10.0,val,0,1
t04_Ordos_S2_MultiBand_2025-0000018944-0000018944_r13824_c11264,E:\260827YOLORUN\GEE_Export_2025\Ordos_S2_MultiBand_2025-0000018944-0000018944.tif,EPSG:4326,EPSG:32648,887335.0377361318,4203320.518593342,893735.0377361318,4209720.518593342,10.0,val,0,1
t04_Ordos_S2_MultiBand_2025-0000018944-0000018944_r13824_c13312,E:\260827YOLORUN\GEE_Export_2025\Ordos_S2_MultiBand_2025-0000018944-0000018944.tif,EPSG:4326,EPSG:32648,907815.0377361318,4203320.518593342,914215.0377361318,4209720.518593342,10.0,val,0,1
t04_Ordos_S2_MultiBand_2025-0000018944-0000018944_r15360_c06144,E:\260827YOLORUN\GEE_Export_2025\Ordos_S2_MultiBand_2025-0000018944-0000018944.tif,EPSG:4326,EPSG:32648,836135.0377361318,4187960.518593342,842535.0377361318,4194360.518593342,10.0,val,0,1
t04_Ordos_S2_MultiBand_2025-0000018944-0000018944_r15360_c10240,E:\260827YOLORUN\GEE_Export_2025\Ordos_S2_MultiBand_2025-0000018944-0000018944.tif,EPSG:4326,EPSG:32648,877095.0377361318,4187960.518593342,883495.0377361318,4194360.518593342,10.0,val,0,1
t04_Ordos_S2_MultiBand_2025-0000018944-0000018944_r15360_c13824,E:\260827YOLORUN\GEE_Export_2025\Ordos_S2_MultiBand_2025-0000018944-0000018944.tif,EPSG:4326,EPSG:32648,912935.0377361318,4187960.518593342,919335.0377361318,4194360.518593342,10.0,val,0,1
t04_Ordos_S2_MultiBand_2025-0000018944-0000018944_r15872_c09728,E:\260827YOLORUN\GEE_Export_2025\Ordos_S2_MultiBand_2025-0000018944-0000018944.tif,EPSG:4326,EPSG:32648,871975.0377361318,4182840.518593342,878375.0377361318,4189240.518593342,10.0,val,0,1
t04_Ordos_S2_MultiBand_2025-0000018944-0000018944_r15872_c10240,E:\260827YOLORUN\GEE_Export_2025\Ordos_S2_MultiBand_2025-0000018944-0000018944.tif,EPSG:4326,EPSG:32648,877095.0377361318,4182840.518593342,883495.0377361318,4189240.518593342,10.0,val,0,1
t04_Ordos_S2_MultiBand_2025-0000018944-0000018944_r15872_c14986,E:\260827YOLORUN\GEE_Export_2025\Ordos_S2_MultiBand_2025-0000018944-0000018944.tif,EPSG:4326,EPSG:32648,924555.0377361318,4182840.518593342,930955.0377361318,4189240.518593342,10.0,val,0,1
t04_Ordos_S2_MultiBand_2025-0000018944-0000018944_r16384_c05120,E:\260827YOLORUN\GEE_Export_2025\Ordos_S2_MultiBand_2025-0000018944-0000018944.tif,EPSG:4326,EPSG:32648,825895.0377361318,4177720.518593342,832295.0377361318,4184120.518593342,10.0,train,0,1
t04_Ordos_S2_MultiBand_2025-0000018944-0000018944_r16384_c07680,E:\260827YOLORUN\GEE_Export_2025\Ordos_S2_MultiBand_2025-0000018944-0000018944.tif,EPSG:4326,EPSG:32648,851495.0377361318,4177720.518593342,857895.0377361318,4184120.518593342,10.0,val,0,1
t04_Ordos_S2_MultiBand_2025-0000018944-0000018944_r16384_c12800,E:\260827YOLORUN\GEE_Export_2025\Ordos_S2_MultiBand_2025-0000018944-0000018944.tif,EPSG:4326,EPSG:32648,902695.0377361318,4177720.518593342,909095.0377361318,4184120.518593342,10.0,val,0,1
t04_Ordos_S2_MultiBand_2025-0000018944-0000018944_r16384_c13824,E:\260827YOLORUN\GEE_Export_2025\Ordos_S2_MultiBand_2025-0000018944-0000018944.tif,EPSG:4326,EPSG:32648,912935.0377361318,4177720.518593342,919335.0377361318,4184120.518593342,10.0,val,0,1
t04_Ordos_S2_MultiBand_2025-0000018944-0000018944_r16384_c14848,E:\260827YOLORUN\GEE_Export_2025\Ordos_S2_MultiBand_2025-0000018944-0000018944.tif,EPSG:4326,EPSG:32648,923175.0377361318,4177720.518593342,929575.0377361318,4184120.518593342,10.0,val,0,1
t04_Ordos_S2_MultiBand_2025-0000018944-0000018944_r16896_c06656,E:\260827YOLORUN\GEE_Export_2025\Ordos_S2_MultiBand_2025-0000018944-0000018944.tif,EPSG:4326,EPSG:32648,841255.0377361318,4172600.518593342,847655.0377361318,4179000.518593342,10.0,val,0,1
t04_Ordos_S2_MultiBand_2025-0000018944-0000018944_r16896_c08704,E:\260827YOLORUN\GEE_Export_2025\Ordos_S2_MultiBand_2025-0000018944-0000018944.tif,EPSG:4326,EPSG:32648,861735.0377361318,4172600.518593342,868135.0377361318,4179000.518593342,10.0,val,0,1
t04_Ordos_S2_MultiBand_2025-0000018944-0000018944_r16896_c11776,E:\260827YOLORUN\GEE_Export_2025\Ordos_S2_MultiBand_2025-0000018944-0000018944.tif,EPSG:4326,EPSG:32648,892455.0377361318,4172600.518593342,898855.0377361318,4179000.518593342,10.0,val,0,1
t04_Ordos_S2_MultiBand_2025-0000018944-0000018944_r16896_c14986,E:\260827YOLORUN\GEE_Export_2025\Ordos_S2_MultiBand_2025-0000018944-0000018944.tif,EPSG:4326,EPSG:32648,924555.0377361318,4172600.518593342,930955.0377361318,4179000.518593342,10.0,val,0,1
t04_Ordos_S2_MultiBand_2025-0000018944-0000018944_r17348_c04096,E:\260827YOLORUN\GEE_Export_2025\Ordos_S2_MultiBand_2025-0000018944-0000018944.tif,EPSG:4326,EPSG:32648,815655.0377361318,4168080.518593342,822055.0377361318,4174480.518593342,10.0,train,0,1
t04_Ordos_S2_MultiBand_2025-0000018944-0000018944_r17348_c06656,E:\260827YOLORUN\GEE_Export_2025\Ordos_S2_MultiBand_2025-0000018944-0000018944.tif,EPSG:4326,EPSG:32648,841255.0377361318,4168080.518593342,847655.0377361318,4174480.518593342,10.0,val,0,1
t04_Ordos_S2_MultiBand_2025-0000018944-0000018944_r17348_c08704,E:\260827YOLORUN\GEE_Export_2025\Ordos_S2_MultiBand_2025-0000018944-0000018944.tif,EPSG:4326,EPSG:32648,861735.0377361318,4168080.518593342,868135.0377361318,4174480.518593342,10.0,val,0,1
t04_Ordos_S2_MultiBand_2025-0000018944-0000018944_r17348_c13824,E:\260827YOLORUN\GEE_Export_2025\Ordos_S2_MultiBand_2025-0000018944-0000018944.tif,EPSG:4326,EPSG:32648,912935.0377361318,4168080.518593342,919335.0377361318,4174480.518593342,10.0,val,0,1
t04_Ordos_S2_MultiBand_2025-0000018944-0000018944_r17348_c14986,E:\260827YOLORUN\GEE_Export_2025\Ordos_S2_MultiBand_2025-0000018944-0000018944.tif,EPSG:4326,EPSG:32648,924555.0377361318,4168080.518593342,930955.0377361318,4174480.518593342,10.0,val,0,1
t05_Ordos_S2_MultiBand_2025-0000018944-0000037888_r00000_c02048,E:\260827YOLORUN\GEE_Export_2025\Ordos_S2_MultiBand_2025-0000018944-0000037888.tif,EPSG:4326,EPSG:32648,942238.0151557408,4350090.327917313,948638.0151557408,4356490.327917313,10.0,test,0,1
t05_Ordos_S2_MultiBand_2025-0000018944-0000037888_r00000_c03072,E:\260827YOLORUN\GEE_Export_2025\Ordos_S2_MultiBand_2025-0000018944-0000037888.tif,EPSG:4326,EPSG:32648,952478.0151557408,4350090.327917313,958878.0151557408,4356490.327917313,10.0,test,0,1
t05_Ordos_S2_MultiBand_2025-0000018944-0000037888_r00000_c06144,E:\260827YOLORUN\GEE_Export_2025\Ordos_S2_MultiBand_2025-0000018944-0000037888.tif,EPSG:4326,EPSG:32648,983198.0151557408,4350090.327917313,989598.0151557408,4356490.327917313,10.0,test,0,1
t05_Ordos_S2_MultiBand_2025-0000018944-0000037888_r00000_c09216,E:\260827YOLORUN\GEE_Export_2025\Ordos_S2_MultiBand_2025-0000018944-0000037888.tif,EPSG:4326,EPSG:32648,1013918.0151557408,4350090.327917313,1020318.0151557408,4356490.327917313,10.0,test,0,1
t05_Ordos_S2_MultiBand_2025-0000018944-0000037888_r00000_c13312,E:\260827YOLORUN\GEE_Export_2025\Ordos_S2_MultiBand_2025-0000018944-0000037888.tif,EPSG:4326,EPSG:32648,1054878.0151557403,4350090.327917313,1061278.0151557403,4356490.327917313,10.0,test,0,1
t05_Ordos_S2_MultiBand_2025-0000018944-0000037888_r00512_c07168,E:\260827YOLORUN\GEE_Export_2025\Ordos_S2_MultiBand_2025-0000018944-0000037888.tif,EPSG:4326,EPSG:32648,993438.0151557408,4344970.327917313,999838.0151557408,4351370.327917313,10.0,test,0,1
t05_Ordos_S2_MultiBand_2025-0000018944-0000037888_r00512_c10240,E:\260827YOLORUN\GEE_Export_2025\Ordos_S2_MultiBand_2025-0000018944-0000037888.tif,EPSG:4326,EPSG:32648,1024158.0151557408,4344970.327917313,1030558.0151557408,4351370.327917313,10.0,test,0,1
t05_Ordos_S2_MultiBand_2025-0000018944-0000037888_r01536_c12800,E:\260827YOLORUN\GEE_Export_2025\Ordos_S2_MultiBand_2025-0000018944-0000037888.tif,EPSG:4326,EPSG:32648,1049758.0151557403,4334730.327917313,1056158.0151557403,4341130.327917313,10.0,test,0,1
t05_Ordos_S2_MultiBand_2025-0000018944-0000037888_r01536_c13824,E:\260827YOLORUN\GEE_Export_2025\Ordos_S2_MultiBand_2025-0000018944-0000037888.tif,EPSG:4326,EPSG:32648,1059998.0151557403,4334730.327917313,1066398.0151557403,4341130.327917313,10.0,test,0,1
t05_Ordos_S2_MultiBand_2025-0000018944-0000037888_r02048_c02048,E:\260827YOLORUN\GEE_Export_2025\Ordos_S2_MultiBand_2025-0000018944-0000037888.tif,EPSG:4326,EPSG:32648,942238.0151557408,4329610.327917313,948638.0151557408,4336010.327917313,10.0,test,0,1
t05_Ordos_S2_MultiBand_2025-0000018944-0000037888_r02048_c06656,E:\260827YOLORUN\GEE_Export_2025\Ordos_S2_MultiBand_2025-0000018944-0000037888.tif,EPSG:4326,EPSG:32648,988318.0151557408,4329610.327917313,994718.0151557408,4336010.327917313,10.0,test,0,1
t05_Ordos_S2_MultiBand_2025-0000018944-0000037888_r02048_c13312,E:\260827YOLORUN\GEE_Export_2025\Ordos_S2_MultiBand_2025-0000018944-0000037888.tif,EPSG:4326,EPSG:32648,1054878.0151557403,4329610.327917313,1061278.0151557403,4336010.327917313,10.0,test,0,1
t05_Ordos_S2_MultiBand_2025-0000018944-0000037888_r02560_c02560,E:\260827YOLORUN\GEE_Export_2025\Ordos_S2_MultiBand_2025-0000018944-0000037888.tif,EPSG:4326,EPSG:32648,947358.0151557408,4324490.327917313,953758.0151557408,4330890.327917313,10.0,test,0,1
t05_Ordos_S2_MultiBand_2025-0000018944-0000037888_r02560_c06656,E:\260827YOLORUN\GEE_Export_2025\Ordos_S2_MultiBand_2025-0000018944-0000037888.tif,EPSG:4326,EPSG:32648,988318.0151557408,4324490.327917313,994718.0151557408,4330890.327917313,10.0,test,0,1
t05_Ordos_S2_MultiBand_2025-0000018944-0000037888_r03584_c05120,E:\260827YOLORUN\GEE_Export_2025\Ordos_S2_MultiBand_2025-0000018944-0000037888.tif,EPSG:4326,EPSG:32648,972958.0151557408,4314250.327917313,979358.0151557408,4320650.327917313,10.0,test,0,1
t05_Ordos_S2_MultiBand_2025-0000018944-0000037888_r03584_c08192,E:\260827YOLORUN\GEE_Export_2025\Ordos_S2_MultiBand_2025-0000018944-0000037888.tif,EPSG:4326,EPSG:32648,1003678.0151557408,4314250.327917313,1010078.0151557408,4320650.327917313,10.0,test,0,1
t05_Ordos_S2_MultiBand_2025-0000018944-0000037888_r03584_c11776,E:\260827YOLORUN\GEE_Export_2025\Ordos_S2_MultiBand_2025-0000018944-0000037888.tif,EPSG:4326,EPSG:32648,1039518.0151557408,4314250.327917313,1045918.0151557408,4320650.327917313,10.0,test,0,1
t05_Ordos_S2_MultiBand_2025-0000018944-0000037888_r03584_c13312,E:\260827YOLORUN\GEE_Export_2025\Ordos_S2_MultiBand_2025-0000018944-0000037888.tif,EPSG:4326,EPSG:32648,1054878.0151557403,4314250.327917313,1061278.0151557403,4320650.327917313,10.0,test,0,1
t05_Ordos_S2_MultiBand_2025-0000018944-0000037888_r04096_c01536,E:\260827YOLORUN\GEE_Export_2025\Ordos_S2_MultiBand_2025-0000018944-0000037888.tif,EPSG:4326,EPSG:32648,937118.0151557408,4309130.327917313,943518.0151557408,4315530.327917313,10.0,DROPPED_BUFFER,0,1
t05_Ordos_S2_MultiBand_2025-0000018944-0000037888_r04096_c07680,E:\260827YOLORUN\GEE_Export_2025\Ordos_S2_MultiBand_2025-0000018944-0000037888.tif,EPSG:4326,EPSG:32648,998558.0151557408,4309130.327917313,1004958.0151557408,4315530.327917313,10.0,test,0,1
t05_Ordos_S2_MultiBand_2025-0000018944-0000037888_r04096_c09728,E:\260827YOLORUN\GEE_Export_2025\Ordos_S2_MultiBand_2025-0000018944-0000037888.tif,EPSG:4326,EPSG:32648,1019038.0151557408,4309130.327917313,1025438.0151557408,4315530.327917313,10.0,test,0,1
t05_Ordos_S2_MultiBand_2025-0000018944-0000037888_r04608_c12288,E:\260827YOLORUN\GEE_Export_2025\Ordos_S2_MultiBand_2025-0000018944-0000037888.tif,EPSG:4326,EPSG:32648,1044638.0151557408,4304010.327917313,1051038.0151557403,4310410.327917313,10.0,test,0,1
t05_Ordos_S2_MultiBand_2025-0000018944-0000037888_r04608_c12800,E:\260827YOLORUN\GEE_Export_2025\Ordos_S2_MultiBand_2025-0000018944-0000037888.tif,EPSG:4326,EPSG:32648,1049758.0151557403,4304010.327917313,1056158.0151557403,4310410.327917313,10.0,test,0,1
t05_Ordos_S2_MultiBand_2025-0000018944-0000037888_r05120_c03072,E:\260827YOLORUN\GEE_Export_2025\Ordos_S2_MultiBand_2025-0000018944-0000037888.tif,EPSG:4326,EPSG:32648,952478.0151557408,4298890.327917313,958878.0151557408,4305290.327917313,10.0,test,0,1
t05_Ordos_S2_MultiBand_2025-0000018944-0000037888_r05120_c06656,E:\260827YOLORUN\GEE_Export_2025\Ordos_S2_MultiBand_2025-0000018944-0000037888.tif,EPSG:4326,EPSG:32648,988318.0151557408,4298890.327917313,994718.0151557408,4305290.327917313,10.0,test,0,1
t05_Ordos_S2_MultiBand_2025-0000018944-0000037888_r05120_c09216,E:\260827YOLORUN\GEE_Export_2025\Ordos_S2_MultiBand_2025-0000018944-0000037888.tif,EPSG:4326,EPSG:32648,1013918.0151557408,4298890.327917313,1020318.0151557408,4305290.327917313,10.0,test,0,1
t05_Ordos_S2_MultiBand_2025-0000018944-0000037888_r05632_c08704,E:\260827YOLORUN\GEE_Export_2025\Ordos_S2_MultiBand_2025-0000018944-0000037888.tif,EPSG:4326,EPSG:32648,1008798.0151557408,4293770.327917313,1015198.0151557408,4300170.327917313,10.0,test,0,1
t05_Ordos_S2_MultiBand_2025-0000018944-0000037888_r05632_c14182,E:\260827YOLORUN\GEE_Export_2025\Ordos_S2_MultiBand_2025-0000018944-0000037888.tif,EPSG:4326,EPSG:32648,1063578.0151557403,4293770.327917313,1069978.0151557403,4300170.327917313,10.0,test,0,1
t05_Ordos_S2_MultiBand_2025-0000018944-0000037888_r06144_c06144,E:\260827YOLORUN\GEE_Export_2025\Ordos_S2_MultiBand_2025-0000018944-0000037888.tif,EPSG:4326,EPSG:32648,983198.0151557408,4288650.327917313,989598.0151557408,4295050.327917313,10.0,test,0,1
t05_Ordos_S2_MultiBand_2025-0000018944-0000037888_r06656_c00512,E:\260827YOLORUN\GEE_Export_2025\Ordos_S2_MultiBand_2025-0000018944-0000037888.tif,EPSG:4326,EPSG:32648,926878.0151557408,4283530.327917313,933278.0151557408,4289930.327917313,10.0,val,0,1
t05_Ordos_S2_MultiBand_2025-0000018944-0000037888_r06656_c02560,E:\260827YOLORUN\GEE_Export_2025\Ordos_S2_MultiBand_2025-0000018944-0000037888.tif,EPSG:4326,EPSG:32648,947358.0151557408,4283530.327917313,953758.0151557408,4289930.327917313,10.0,test,0,1
t05_Ordos_S2_MultiBand_2025-0000018944-0000037888_r06656_c03584,E:\260827YOLORUN\GEE_Export_2025\Ordos_S2_MultiBand_2025-0000018944-0000037888.tif,EPSG:4326,EPSG:32648,957598.0151557408,4283530.327917313,963998.0151557408,4289930.327917313,10.0,test,0,1
t05_Ordos_S2_MultiBand_2025-0000018944-0000037888_r06656_c11264,E:\260827YOLORUN\GEE_Export_2025\Ordos_S2_MultiBand_2025-0000018944-0000037888.tif,EPSG:4326,EPSG:32648,1034398.0151557408,4283530.327917313,1040798.0151557408,4289930.327917313,10.0,test,0,1
t05_Ordos_S2_MultiBand_2025-0000018944-0000037888_r07168_c01536,E:\260827YOLORUN\GEE_Export_2025\Ordos_S2_MultiBand_2025-0000018944-0000037888.tif,EPSG:4326,EPSG:32648,937118.0151557408,4278410.327917313,943518.0151557408,4284810.327917313,10.0,DROPPED_BUFFER,0,1
t05_Ordos_S2_MultiBand_2025-0000018944-0000037888_r07168_c05632,E:\260827YOLORUN\GEE_Export_2025\Ordos_S2_MultiBand_2025-0000018944-0000037888.tif,EPSG:4326,EPSG:32648,978078.0151557408,4278410.327917313,984478.0151557408,4284810.327917313,10.0,test,0,1
t05_Ordos_S2_MultiBand_2025-0000018944-0000037888_r07680_c08704,E:\260827YOLORUN\GEE_Export_2025\Ordos_S2_MultiBand_2025-0000018944-0000037888.tif,EPSG:4326,EPSG:32648,1008798.0151557408,4273290.327917313,1015198.0151557408,4279690.327917313,10.0,test,0,1
t05_Ordos_S2_MultiBand_2025-0000018944-0000037888_r08192_c09216,E:\260827YOLORUN\GEE_Export_2025\Ordos_S2_MultiBand_2025-0000018944-0000037888.tif,EPSG:4326,EPSG:32648,1013918.0151557408,4268170.327917313,1020318.0151557408,4274570.327917313,10.0,test,0,1
t05_Ordos_S2_MultiBand_2025-0000018944-0000037888_r08192_c14182,E:\260827YOLORUN\GEE_Export_2025\Ordos_S2_MultiBand_2025-0000018944-0000037888.tif,EPSG:4326,EPSG:32648,1063578.0151557403,4268170.327917313,1069978.0151557403,4274570.327917313,10.0,test,0,1
t05_Ordos_S2_MultiBand_2025-0000018944-0000037888_r08704_c03072,E:\260827YOLORUN\GEE_Export_2025\Ordos_S2_MultiBand_2025-0000018944-0000037888.tif,EPSG:4326,EPSG:32648,952478.0151557408,4263050.327917313,958878.0151557408,4269450.327917313,10.0,test,0,1
t05_Ordos_S2_MultiBand_2025-0000018944-0000037888_r08704_c05632,E:\260827YOLORUN\GEE_Export_2025\Ordos_S2_MultiBand_2025-0000018944-0000037888.tif,EPSG:4326,EPSG:32648,978078.0151557408,4263050.327917313,984478.0151557408,4269450.327917313,10.0,test,0,1
t05_Ordos_S2_MultiBand_2025-0000018944-0000037888_r08704_c13824,E:\260827YOLORUN\GEE_Export_2025\Ordos_S2_MultiBand_2025-0000018944-0000037888.tif,EPSG:4326,EPSG:32648,1059998.0151557403,4263050.327917313,1066398.0151557403,4269450.327917313,10.0,test,0,1
t05_Ordos_S2_MultiBand_2025-0000018944-0000037888_r08704_c14182,E:\260827YOLORUN\GEE_Export_2025\Ordos_S2_MultiBand_2025-0000018944-0000037888.tif,EPSG:4326,EPSG:32648,1063578.0151557403,4263050.327917313,1069978.0151557403,4269450.327917313,10.0,test,0,1
t05_Ordos_S2_MultiBand_2025-0000018944-0000037888_r09216_c03072,E:\260827YOLORUN\GEE_Export_2025\Ordos_S2_MultiBand_2025-0000018944-0000037888.tif,EPSG:4326,EPSG:32648,952478.0151557408,4257930.327917313,958878.0151557408,4264330.327917313,10.0,test,0,1
t05_Ordos_S2_MultiBand_2025-0000018944-0000037888_r09728_c00000,E:\260827YOLORUN\GEE_Export_2025\Ordos_S2_MultiBand_2025-0000018944-0000037888.tif,EPSG:4326,EPSG:32648,921758.0151557408,4252810.327917313,928158.0151557408,4259210.327917313,10.0,val,0,1
t05_Ordos_S2_MultiBand_2025-0000018944-0000037888_r09728_c00512,E:\260827YOLORUN\GEE_Export_2025\Ordos_S2_MultiBand_2025-0000018944-0000037888.tif,EPSG:4326,EPSG:32648,926878.0151557408,4252810.327917313,933278.0151557408,4259210.327917313,10.0,val,0,1
t05_Ordos_S2_MultiBand_2025-0000018944-0000037888_r09728_c03072,E:\260827YOLORUN\GEE_Export_2025\Ordos_S2_MultiBand_2025-0000018944-0000037888.tif,EPSG:4326,EPSG:32648,952478.0151557408,4252810.327917313,958878.0151557408,4259210.327917313,10.0,test,0,1
t05_Ordos_S2_MultiBand_2025-0000018944-0000037888_r10240_c05120,E:\260827YOLORUN\GEE_Export_2025\Ordos_S2_MultiBand_2025-0000018944-0000037888.tif,EPSG:4326,EPSG:32648,972958.0151557408,4247690.327917313,979358.0151557408,4254090.327917313,10.0,test,0,1
t05_Ordos_S2_MultiBand_2025-0000018944-0000037888_r10240_c06144,E:\260827YOLORUN\GEE_Export_2025\Ordos_S2_MultiBand_2025-0000018944-0000037888.tif,EPSG:4326,EPSG:32648,983198.0151557408,4247690.327917313,989598.0151557408,4254090.327917313,10.0,test,0,1
t05_Ordos_S2_MultiBand_2025-0000018944-0000037888_r10240_c08192,E:\260827YOLORUN\GEE_Export_2025\Ordos_S2_MultiBand_2025-0000018944-0000037888.tif,EPSG:4326,EPSG:32648,1003678.0151557408,4247690.327917313,1010078.0151557408,4254090.327917313,10.0,test,0,1
t05_Ordos_S2_MultiBand_2025-0000018944-0000037888_r10240_c10240,E:\260827YOLORUN\GEE_Export_2025\Ordos_S2_MultiBand_2025-0000018944-0000037888.tif,EPSG:4326,EPSG:32648,1024158.0151557408,4247690.327917313,1030558.0151557408,4254090.327917313,10.0,test,0,1
t05_Ordos_S2_MultiBand_2025-0000018944-0000037888_r10752_c01024,E:\260827YOLORUN\GEE_Export_2025\Ordos_S2_MultiBand_2025-0000018944-0000037888.tif,EPSG:4326,EPSG:32648,931998.0151557408,4242570.327917313,938398.0151557408,4248970.327917313,10.0,val,0,1
t05_Ordos_S2_MultiBand_2025-0000018944-0000037888_r10752_c03584,E:\260827YOLORUN\GEE_Export_2025\Ordos_S2_MultiBand_2025-0000018944-0000037888.tif,EPSG:4326,EPSG:32648,957598.0151557408,4242570.327917313,963998.0151557408,4248970.327917313,10.0,test,0,1
t05_Ordos_S2_MultiBand_2025-0000018944-0000037888_r10752_c05120,E:\260827YOLORUN\GEE_Export_2025\Ordos_S2_MultiBand_2025-0000018944-0000037888.tif,EPSG:4326,EPSG:32648,972958.0151557408,4242570.327917313,979358.0151557408,4248970.327917313,10.0,test,0,1
t05_Ordos_S2_MultiBand_2025-0000018944-0000037888_r10752_c07680,E:\260827YOLORUN\GEE_Export_2025\Ordos_S2_MultiBand_2025-0000018944-0000037888.tif,EPSG:4326,EPSG:32648,998558.0151557408,4242570.327917313,1004958.0151557408,4248970.327917313,10.0,test,0,1
t05_Ordos_S2_MultiBand_2025-0000018944-0000037888_r10752_c11264,E:\260827YOLORUN\GEE_Export_2025\Ordos_S2_MultiBand_2025-0000018944-0000037888.tif,EPSG:4326,EPSG:32648,1034398.0151557408,4242570.327917313,1040798.0151557408,4248970.327917313,10.0,test,0,1
t05_Ordos_S2_MultiBand_2025-0000018944-0000037888_r11264_c03072,E:\260827YOLORUN\GEE_Export_2025\Ordos_S2_MultiBand_2025-0000018944-0000037888.tif,EPSG:4326,EPSG:32648,952478.0151557408,4237450.327917313,958878.0151557408,4243850.327917313,10.0,test,0,1
t05_Ordos_S2_MultiBand_2025-0000018944-0000037888_r11776_c02048,E:\260827YOLORUN\GEE_Export_2025\Ordos_S2_MultiBand_2025-0000018944-0000037888.tif,EPSG:4326,EPSG:32648,942238.0151557408,4232330.327917313,948638.0151557408,4238730.327917313,10.0,test,0,1
t05_Ordos_S2_MultiBand_2025-0000018944-0000037888_r11776_c05120,E:\260827YOLORUN\GEE_Export_2025\Ordos_S2_MultiBand_2025-0000018944-0000037888.tif,EPSG:4326,EPSG:32648,972958.0151557408,4232330.327917313,979358.0151557408,4238730.327917313,10.0,test,0,1
t05_Ordos_S2_MultiBand_2025-0000018944-0000037888_r11776_c09728,E:\260827YOLORUN\GEE_Export_2025\Ordos_S2_MultiBand_2025-0000018944-0000037888.tif,EPSG:4326,EPSG:32648,1019038.0151557408,4232330.327917313,1025438.0151557408,4238730.327917313,10.0,test,0,1
t05_Ordos_S2_MultiBand_2025-0000018944-0000037888_r12288_c02048,E:\260827YOLORUN\GEE_Export_2025\Ordos_S2_MultiBand_2025-0000018944-0000037888.tif,EPSG:4326,EPSG:32648,942238.0151557408,4227210.327917313,948638.0151557408,4233610.327917313,10.0,test,0,1
t05_Ordos_S2_MultiBand_2025-0000018944-0000037888_r12288_c02560,E:\260827YOLORUN\GEE_Export_2025\Ordos_S2_MultiBand_2025-0000018944-0000037888.tif,EPSG:4326,EPSG:32648,947358.0151557408,4227210.327917313,953758.0151557408,4233610.327917313,10.0,test,0,1
t05_Ordos_S2_MultiBand_2025-0000018944-0000037888_r12288_c05632,E:\260827YOLORUN\GEE_Export_2025\Ordos_S2_MultiBand_2025-0000018944-0000037888.tif,EPSG:4326,EPSG:32648,978078.0151557408,4227210.327917313,984478.0151557408,4233610.327917313,10.0,test,0,1
t05_Ordos_S2_MultiBand_2025-0000018944-0000037888_r12288_c06144,E:\260827YOLORUN\GEE_Export_2025\Ordos_S2_MultiBand_2025-0000018944-0000037888.tif,EPSG:4326,EPSG:32648,983198.0151557408,4227210.327917313,989598.0151557408,4233610.327917313,10.0,test,0,1
t05_Ordos_S2_MultiBand_2025-0000018944-0000037888_r12800_c05120,E:\260827YOLORUN\GEE_Export_2025\Ordos_S2_MultiBand_2025-0000018944-0000037888.tif,EPSG:4326,EPSG:32648,972958.0151557408,4222090.327917313,979358.0151557408,4228490.327917313,10.0,test,0,1
t05_Ordos_S2_MultiBand_2025-0000018944-0000037888_r12800_c07168,E:\260827YOLORUN\GEE_Export_2025\Ordos_S2_MultiBand_2025-0000018944-0000037888.tif,EPSG:4326,EPSG:32648,993438.0151557408,4222090.327917313,999838.0151557408,4228490.327917313,10.0,test,0,1
t05_Ordos_S2_MultiBand_2025-0000018944-0000037888_r13312_c00512,E:\260827YOLORUN\GEE_Export_2025\Ordos_S2_MultiBand_2025-0000018944-0000037888.tif,EPSG:4326,EPSG:32648,926878.0151557408,4216970.327917313,933278.0151557408,4223370.327917313,10.0,val,0,1
t05_Ordos_S2_MultiBand_2025-0000018944-0000037888_r13312_c11264,E:\260827YOLORUN\GEE_Export_2025\Ordos_S2_MultiBand_2025-0000018944-0000037888.tif,EPSG:4326,EPSG:32648,1034398.0151557408,4216970.327917313,1040798.0151557408,4223370.327917313,10.0,test,0,1
t05_Ordos_S2_MultiBand_2025-0000018944-0000037888_r13824_c02048,E:\260827YOLORUN\GEE_Export_2025\Ordos_S2_MultiBand_2025-0000018944-0000037888.tif,EPSG:4326,EPSG:32648,942238.0151557408,4211850.327917313,948638.0151557408,4218250.327917313,10.0,test,0,1
t05_Ordos_S2_MultiBand_2025-0000018944-0000037888_r13824_c03584,E:\260827YOLORUN\GEE_Export_2025\Ordos_S2_MultiBand_2025-0000018944-0000037888.tif,EPSG:4326,EPSG:32648,957598.0151557408,4211850.327917313,963998.0151557408,4218250.327917313,10.0,test,0,1
t05_Ordos_S2_MultiBand_2025-0000018944-0000037888_r13824_c06144,E:\260827YOLORUN\GEE_Export_2025\Ordos_S2_MultiBand_2025-0000018944-0000037888.tif,EPSG:4326,EPSG:32648,983198.0151557408,4211850.327917313,989598.0151557408,4218250.327917313,10.0,test,0,1
t05_Ordos_S2_MultiBand_2025-0000018944-0000037888_r13824_c09728,E:\260827YOLORUN\GEE_Export_2025\Ordos_S2_MultiBand_2025-0000018944-0000037888.tif,EPSG:4326,EPSG:32648,1019038.0151557408,4211850.327917313,1025438.0151557408,4218250.327917313,10.0,test,0,1
t05_Ordos_S2_MultiBand_2025-0000018944-0000037888_r13824_c13824,E:\260827YOLORUN\GEE_Export_2025\Ordos_S2_MultiBand_2025-0000018944-0000037888.tif,EPSG:4326,EPSG:32648,1059998.0151557403,4211850.327917313,1066398.0151557403,4218250.327917313,10.0,test,0,1
t05_Ordos_S2_MultiBand_2025-0000018944-0000037888_r14336_c02560,E:\260827YOLORUN\GEE_Export_2025\Ordos_S2_MultiBand_2025-0000018944-0000037888.tif,EPSG:4326,EPSG:32648,947358.0151557408,4206730.327917313,953758.0151557408,4213130.327917313,10.0,test,0,1
t05_Ordos_S2_MultiBand_2025-0000018944-0000037888_r14336_c03072,E:\260827YOLORUN\GEE_Export_2025\Ordos_S2_MultiBand_2025-0000018944-0000037888.tif,EPSG:4326,EPSG:32648,952478.0151557408,4206730.327917313,958878.0151557408,4213130.327917313,10.0,test,0,1
t05_Ordos_S2_MultiBand_2025-0000018944-0000037888_r14336_c04096,E:\260827YOLORUN\GEE_Export_2025\Ordos_S2_MultiBand_2025-0000018944-0000037888.tif,EPSG:4326,EPSG:32648,962718.0151557408,4206730.327917313,969118.0151557408,4213130.327917313,10.0,test,0,1
t05_Ordos_S2_MultiBand_2025-0000018944-0000037888_r14336_c09216,E:\260827YOLORUN\GEE_Export_2025\Ordos_S2_MultiBand_2025-0000018944-0000037888.tif,EPSG:4326,EPSG:32648,1013918.0151557408,4206730.327917313,1020318.0151557408,4213130.327917313,10.0,test,0,1
t05_Ordos_S2_MultiBand_2025-0000018944-0000037888_r14336_c11776,E:\260827YOLORUN\GEE_Export_2025\Ordos_S2_MultiBand_2025-0000018944-0000037888.tif,EPSG:4326,EPSG:32648,1039518.0151557408,4206730.327917313,1045918.0151557408,4213130.327917313,10.0,test,0,1
t05_Ordos_S2_MultiBand_2025-0000018944-0000037888_r14336_c13824,E:\260827YOLORUN\GEE_Export_2025\Ordos_S2_MultiBand_2025-0000018944-0000037888.tif,EPSG:4326,EPSG:32648,1059998.0151557403,4206730.327917313,1066398.0151557403,4213130.327917313,10.0,test,0,1
t05_Ordos_S2_MultiBand_2025-0000018944-0000037888_r15360_c00512,E:\260827YOLORUN\GEE_Export_2025\Ordos_S2_MultiBand_2025-0000018944-0000037888.tif,EPSG:4326,EPSG:32648,926878.0151557408,4196490.327917313,933278.0151557408,4202890.327917313,10.0,val,0,1
t05_Ordos_S2_MultiBand_2025-0000018944-0000037888_r15360_c01024,E:\260827YOLORUN\GEE_Export_2025\Ordos_S2_MultiBand_2025-0000018944-0000037888.tif,EPSG:4326,EPSG:32648,931998.0151557408,4196490.327917313,938398.0151557408,4202890.327917313,10.0,val,0,1
t05_Ordos_S2_MultiBand_2025-0000018944-0000037888_r15360_c03072,E:\260827YOLORUN\GEE_Export_2025\Ordos_S2_MultiBand_2025-0000018944-0000037888.tif,EPSG:4326,EPSG:32648,952478.0151557408,4196490.327917313,958878.0151557408,4202890.327917313,10.0,test,0,1
t05_Ordos_S2_MultiBand_2025-0000018944-0000037888_r15360_c04096,E:\260827YOLORUN\GEE_Export_2025\Ordos_S2_MultiBand_2025-0000018944-0000037888.tif,EPSG:4326,EPSG:32648,962718.0151557408,4196490.327917313,969118.0151557408,4202890.327917313,10.0,test,0,1
t05_Ordos_S2_MultiBand_2025-0000018944-0000037888_r15360_c05120,E:\260827YOLORUN\GEE_Export_2025\Ordos_S2_MultiBand_2025-0000018944-0000037888.tif,EPSG:4326,EPSG:32648,972958.0151557408,4196490.327917313,979358.0151557408,4202890.327917313,10.0,test,0,1
t05_Ordos_S2_MultiBand_2025-0000018944-0000037888_r15360_c11776,E:\260827YOLORUN\GEE_Export_2025\Ordos_S2_MultiBand_2025-0000018944-0000037888.tif,EPSG:4326,EPSG:32648,1039518.0151557408,4196490.327917313,1045918.0151557408,4202890.327917313,10.0,test,0,1
t05_Ordos_S2_MultiBand_2025-0000018944-0000037888_r15872_c00512,E:\260827YOLORUN\GEE_Export_2025\Ordos_S2_MultiBand_2025-0000018944-0000037888.tif,EPSG:4326,EPSG:32648,926878.0151557408,4191370.327917313,933278.0151557408,4197770.327917313,10.0,val,0,1
t05_Ordos_S2_MultiBand_2025-0000018944-0000037888_r15872_c02560,E:\260827YOLORUN\GEE_Export_2025\Ordos_S2_MultiBand_2025-0000018944-0000037888.tif,EPSG:4326,EPSG:32648,947358.0151557408,4191370.327917313,953758.0151557408,4197770.327917313,10.0,test,0,1
t05_Ordos_S2_MultiBand_2025-0000018944-0000037888_r15872_c10240,E:\260827YOLORUN\GEE_Export_2025\Ordos_S2_MultiBand_2025-0000018944-0000037888.tif,EPSG:4326,EPSG:32648,1024158.0151557408,4191370.327917313,1030558.0151557408,4197770.327917313,10.0,test,0,1
t05_Ordos_S2_MultiBand_2025-0000018944-0000037888_r15872_c13824,E:\260827YOLORUN\GEE_Export_2025\Ordos_S2_MultiBand_2025-0000018944-0000037888.tif,EPSG:4326,EPSG:32648,1059998.0151557403,4191370.327917313,1066398.0151557403,4197770.327917313,10.0,test,0,1
t05_Ordos_S2_MultiBand_2025-0000018944-0000037888_r16384_c07168,E:\260827YOLORUN\GEE_Export_2025\Ordos_S2_MultiBand_2025-0000018944-0000037888.tif,EPSG:4326,EPSG:32648,993438.0151557408,4186250.327917313,999838.0151557408,4192650.327917313,10.0,test,0,1
t05_Ordos_S2_MultiBand_2025-0000018944-0000037888_r16896_c02048,E:\260827YOLORUN\GEE_Export_2025\Ordos_S2_MultiBand_2025-0000018944-0000037888.tif,EPSG:4326,EPSG:32648,942238.0151557408,4181130.327917313,948638.0151557408,4187530.327917313,10.0,test,0,1
t05_Ordos_S2_MultiBand_2025-0000018944-0000037888_r16896_c09216,E:\260827YOLORUN\GEE_Export_2025\Ordos_S2_MultiBand_2025-0000018944-0000037888.tif,EPSG:4326,EPSG:32648,1013918.0151557408,4181130.327917313,1020318.0151557408,4187530.327917313,10.0,test,0,1
t05_Ordos_S2_MultiBand_2025-0000018944-0000037888_r17408_c02560,E:\260827YOLORUN\GEE_Export_2025\Ordos_S2_MultiBand_2025-0000018944-0000037888.tif,EPSG:4326,EPSG:32648,947358.0151557408,4176010.327917313,953758.0151557408,4182410.327917313,10.0,test,0,1
t05_Ordos_S2_MultiBand_2025-0000018944-0000037888_r17408_c03584,E:\260827YOLORUN\GEE_Export_2025\Ordos_S2_MultiBand_2025-0000018944-0000037888.tif,EPSG:4326,EPSG:32648,957598.0151557408,4176010.327917313,963998.0151557408,4182410.327917313,10.0,test,0,1
t05_Ordos_S2_MultiBand_2025-0000018944-0000037888_r17408_c05120,E:\260827YOLORUN\GEE_Export_2025\Ordos_S2_MultiBand_2025-0000018944-0000037888.tif,EPSG:4326,EPSG:32648,972958.0151557408,4176010.327917313,979358.0151557408,4182410.327917313,10.0,test,0,1
t05_Ordos_S2_MultiBand_2025-0000018944-0000037888_r17408_c09216,E:\260827YOLORUN\GEE_Export_2025\Ordos_S2_MultiBand_2025-0000018944-0000037888.tif,EPSG:4326,EPSG:32648,1013918.0151557408,4176010.327917313,1020318.0151557408,4182410.327917313,10.0,test,0,1
t05_Ordos_S2_MultiBand_2025-0000018944-0000037888_r17408_c12288,E:\260827YOLORUN\GEE_Export_2025\Ordos_S2_MultiBand_2025-0000018944-0000037888.tif,EPSG:4326,EPSG:32648,1044638.0151557408,4176010.327917313,1051038.0151557403,4182410.327917313,10.0,test,0,1
t05_Ordos_S2_MultiBand_2025-0000018944-0000037888_r17554_c00512,E:\260827YOLORUN\GEE_Export_2025\Ordos_S2_MultiBand_2025-0000018944-0000037888.tif,EPSG:4326,EPSG:32648,926878.0151557408,4174550.327917313,933278.0151557408,4180950.327917313,10.0,val,0,1
t05_Ordos_S2_MultiBand_2025-0000018944-0000037888_r17554_c05632,E:\260827YOLORUN\GEE_Export_2025\Ordos_S2_MultiBand_2025-0000018944-0000037888.tif,EPSG:4326,EPSG:32648,978078.0151557408,4174550.327917313,984478.0151557408,4180950.327917313,10.0,test,0,1
t05_Ordos_S2_MultiBand_2025-0000018944-0000037888_r17554_c07168,E:\260827YOLORUN\GEE_Export_2025\Ordos_S2_MultiBand_2025-0000018944-0000037888.tif,EPSG:4326,EPSG:32648,993438.0151557408,4174550.327917313,999838.0151557408,4180950.327917313,10.0,test,0,1
t05_Ordos_S2_MultiBand_2025-0000018944-0000037888_r17554_c10752,E:\260827YOLORUN\GEE_Export_2025\Ordos_S2_MultiBand_2025-0000018944-0000037888.tif,EPSG:4326,EPSG:32648,1029278.0151557408,4174550.327917313,1035678.0151557408,4180950.327917313,10.0,test,0,1
t05_Ordos_S2_MultiBand_2025-0000018944-0000037888_r17554_c12288,E:\260827YOLORUN\GEE_Export_2025\Ordos_S2_MultiBand_2025-0000018944-0000037888.tif,EPSG:4326,EPSG:32648,1044638.0151557408,4174550.327917313,1051038.0151557403,4180950.327917313,10.0,test,0,1
